#MJD,index_current,index_lag_1,index_change_lag_1,index_momentum,index_ma_3,index_dist_from_ma,flux_current,flux_lag_1,flux_change_lag_1,flux_momentum
54693.5,2.06,2.65,0.0,-0.5899999999999999,2.355,-0.29499999999999993,6.41e-08,7.45e-08,0.0,-0.13959731543624165
54707.5,2.38,2.06,-0.5899999999999999,0.9099999999999997,2.3633333333333333,0.016666666666666607,5.49e-08,6.41e-08,-0.13959731543624165,-0.003928425593399454
54721.5,2.13,2.38,0.31999999999999984,-0.5699999999999998,2.19,-0.06000000000000005,7.17e-08,5.49e-08,-0.1435257410296411,0.44953666999138964
54728.5,2.95,2.13,-0.25,1.0700000000000003,2.486666666666667,0.4633333333333334,1.79e-07,7.17e-08,0.30601092896174853,1.1905023206895766
54749.5,2.69,2.95,0.8200000000000003,-1.0800000000000005,2.59,0.10000000000000009,1.2e-07,1.79e-07,1.4965132496513252,-1.8261221881988112
54756.5,5.0,2.69,-0.26000000000000023,2.5700000000000003,3.546666666666667,1.4533333333333331,7.86e-08,1.2e-07,-0.3296089385474861,-0.015391061452513899
54791.5,3.91,5.0,2.31,-3.4,3.8666666666666667,0.043333333333333446,1.06e-07,7.86e-08,-0.345,0.6936005089058523
54798.5,2.73,3.91,-1.0899999999999999,-0.0900000000000003,3.8800000000000003,-1.1500000000000004,7.46e-08,1.06e-07,0.34860050890585237,-0.6448269240001919
54812.5,3.31,2.73,-1.1800000000000002,1.7600000000000002,3.3166666666666664,-0.0066666666666663765,1.27e-07,7.46e-08,-0.29622641509433956,0.9986392837270474
54819.5,1.75,3.31,0.5800000000000001,-2.14,2.5966666666666667,-0.8466666666666667,7.1e-08,1.27e-07,0.7024128686327078,-1.1433577505224717
54826.5,2.05,1.75,-1.56,1.8599999999999999,2.37,-0.3200000000000003,5.96e-08,7.1e-08,-0.4409448818897639,0.28038150160807374
54833.49998842592,2.29,2.05,0.2999999999999998,-0.05999999999999961,2.03,0.26000000000000023,7.64e-08,5.96e-08,-0.16056338028169015,0.44244257491256267
54840.49998842592,2.57,2.29,0.2400000000000002,0.03999999999999959,2.3033333333333332,0.2666666666666666,1.2e-07,7.64e-08,0.2818791946308725,0.28880143364137867
54847.49998842592,2.54,2.57,0.2799999999999998,-0.3099999999999996,2.466666666666667,0.07333333333333325,1.19e-07,1.2e-07,0.5706806282722512,-0.5790139616055845
54854.49998842592,2.6,2.54,-0.029999999999999805,0.08999999999999986,2.57,0.03000000000000025,9.75e-08,1.19e-07,-0.008333333333333304,-0.17233893557422963
54861.49998842592,2.62,2.6,0.06000000000000005,-0.040000000000000036,2.586666666666667,0.033333333333333215,1.5e-07,9.75e-08,-0.18067226890756294,0.7191338073691013
54868.49998842592,2.07,2.62,0.020000000000000018,-0.5700000000000003,2.43,-0.3600000000000003,1.56e-07,1.5e-07,0.5384615384615383,-0.4984615384615383
54875.49998842592,2.24,2.07,-0.5500000000000003,0.7200000000000006,2.31,-0.06999999999999984,2.18e-07,1.56e-07,0.040000000000000036,0.3574358974358973
54882.49998842592,2.41,2.24,0.17000000000000037,-4.440892098500626e-16,2.24,0.16999999999999993,1.45e-07,2.18e-07,0.39743589743589736,-0.7322982827569983
54889.49998842592,3.31,2.41,0.16999999999999993,0.73,2.6533333333333333,0.6566666666666667,2.04e-07,1.45e-07,-0.3348623853211009,0.741758937045239
54896.49998842592,2.39,3.31,0.8999999999999999,-1.8199999999999998,2.7033333333333336,-0.31333333333333346,1.88e-07,2.04e-07,0.4068965517241381,-0.48532792427315774
54910.49998842592,2.49,2.39,-0.9199999999999999,1.02,2.7300000000000004,-0.2400000000000002,1.95e-07,1.88e-07,-0.07843137254901966,0.11566541510221129
54917.49998842592,2.1,2.49,0.10000000000000009,-0.4900000000000002,2.3266666666666667,-0.22666666666666657,1.85e-07,1.95e-07,0.037234042553191626,-0.08851609383524295
54924.49998842592,2.71,2.1,-0.3900000000000001,1.0,2.433333333333333,0.27666666666666684,9.32e-08,1.85e-07,-0.05128205128205132,-0.44493416493416493
54931.49998842592,3.75,2.71,0.6099999999999999,0.43000000000000016,2.8533333333333335,0.8966666666666665,1.49e-07,9.32e-08,-0.49621621621621625,1.0949286625681476
54938.49998842592,2.74,3.75,1.04,-2.05,3.0666666666666664,-0.3266666666666662,5.69e-08,1.49e-07,0.5987124463519313,-1.216833251721059
55078.49998842592,3.16,2.74,-1.0099999999999998,1.4299999999999997,3.216666666666667,-0.05666666666666664,1.23e-07,5.69e-08,-0.6181208053691275,1.7798079758436445
55085.49998842592,2.45,3.16,0.41999999999999993,-1.13,2.7833333333333337,-0.3333333333333335,7.01e-08,1.23e-07,1.1616871704745169,-1.591768471287525
55106.49998842592,2.62,2.45,-0.71,0.8799999999999999,2.7433333333333336,-0.12333333333333352,9e-08,7.01e-08,-0.4300813008130081,0.713961471997031
55113.49998842592,3.08,2.62,0.16999999999999993,0.29000000000000004,2.716666666666667,0.3633333333333333,1.43e-07,9e-08,0.28388017118402287,0.30500871770486593
55134.49998842592,2.32,3.08,0.45999999999999996,-1.2200000000000002,2.6733333333333333,-0.3533333333333335,1.23e-07,1.43e-07,0.5888888888888888,-0.7287490287490286
55148.49998842592,2.0,2.32,-0.7600000000000002,0.4400000000000004,2.466666666666667,-0.4666666666666668,1.03e-07,1.23e-07,-0.1398601398601398,-0.022741486156120483
55155.49998842592,3.91,2.0,-0.31999999999999984,2.23,2.7433333333333336,1.1666666666666665,8.56e-08,1.03e-07,-0.16260162601626027,-0.006330412818691178
55183.49998842592,2.78,3.91,1.9100000000000001,-3.0400000000000005,2.8966666666666665,-0.1166666666666667,8.51e-08,8.56e-08,-0.16893203883495145,0.16309091733962433
55232.49998842592,2.6,2.78,-1.1300000000000003,0.9500000000000006,3.0966666666666662,-0.49666666666666615,5.97e-08,8.51e-08,-0.005841121495327117,-0.2926312639335801
55246.49998842592,5.0,2.6,-0.17999999999999972,2.5799999999999996,3.4599999999999995,1.5400000000000005,7.13e-08,5.97e-08,-0.2984723854289072,0.49277724305034776
55344.49998842592,3.94,5.0,2.4,-3.46,3.8466666666666662,0.09333333333333371,1.17e-07,7.13e-08,0.19430485762144056,0.4466488590686015
55372.49998842592,2.93,3.94,-1.06,0.050000000000000266,3.956666666666667,-1.0266666666666668,7.53e-08,1.17e-07,0.6409537166900421,-0.9973639731002985
55386.49998842592,3.79,2.93,-1.0099999999999998,1.8699999999999997,3.5533333333333332,0.2366666666666668,1.18e-07,7.53e-08,-0.35641025641025637,0.923475329451425
55393.49998842592,2.42,3.79,0.8599999999999999,-2.23,3.046666666666667,-0.6266666666666669,6.04e-08,1.18e-07,0.5670650730411686,-1.0552006662615074
55421.49998842592,2.61,2.42,-1.37,1.56,2.94,-0.33000000000000007,7.52e-08,6.04e-08,-0.48813559322033895,0.7331687058031203
55428.49998842592,2.49,2.61,0.18999999999999995,-0.3099999999999996,2.5066666666666664,-0.016666666666666163,8.58e-08,7.52e-08,0.24503311258278138,-0.10407566577427074
55449.49998842592,1.95,2.49,-0.11999999999999966,-0.4200000000000006,2.35,-0.40000000000000013,5.76e-08,8.58e-08,0.14095744680851063,-0.4696287754798393
55456.49998842592,2.06,1.95,-0.5400000000000003,0.6500000000000004,2.1666666666666665,-0.10666666666666647,2.49e-07,5.76e-08,-0.32867132867132864,3.6515879953379957
55463.49998842592,1.84,2.06,0.1100000000000001,-0.33000000000000007,1.95,-0.10999999999999988,5.11e-07,2.49e-07,3.322916666666667,-2.2707078313253017
55470.49998842592,2.1,1.84,-0.21999999999999997,0.48,2.0000000000000004,0.09999999999999964,1.27e-07,5.11e-07,1.0522088353413652,-1.8036765457131851
55477.49998842592,2.51,2.1,0.26,0.1499999999999997,2.15,0.3599999999999999,1.5e-07,1.27e-07,-0.7514677103718199,0.9325700725765442
55491.49998842592,3.29,2.51,0.4099999999999997,0.37000000000000055,2.6333333333333333,0.6566666666666667,1.42e-07,1.5e-07,0.1811023622047243,-0.23443569553805754
55547.49998842592,3.84,3.29,0.7800000000000002,-0.23000000000000043,3.2133333333333334,0.6266666666666665,1.48e-07,1.42e-07,-0.05333333333333323,0.09558685446009374
55589.49998842592,2.59,3.84,0.5499999999999998,-1.7999999999999998,3.2399999999999998,-0.6499999999999999,6.59e-08,1.48e-07,0.04225352112676051,-0.5969832508564903
55673.49998842592,2.93,2.59,-1.25,1.5900000000000003,3.1199999999999997,-0.1899999999999995,6.02e-08,6.59e-08,-0.5547297297297298,0.46823504080711975
55813.49998842592,3.21,2.93,0.3400000000000003,-0.0600000000000005,2.91,0.2999999999999998,1.67e-07,6.02e-08,-0.08649468892261003,1.860581067660152
55855.49998842592,3.12,3.21,0.2799999999999998,-0.36999999999999966,3.0866666666666664,0.03333333333333366,1.6e-07,1.67e-07,1.7740863787375418,-1.8160025464022125
55883.49998842592,3.62,3.12,-0.08999999999999986,0.5899999999999999,3.316666666666667,0.30333333333333323,9.23e-08,1.6e-07,-0.041916167664670656,-0.3812088323353293
55911.49998842592,2.35,3.62,0.5,-1.77,3.03,-0.6799999999999997,6.76e-08,9.23e-08,-0.423125,0.15551936619718298
55918.49998842592,2.68,2.35,-1.27,1.6,2.8833333333333333,-0.20333333333333314,2.5e-07,6.76e-08,-0.267605633802817,2.965830485873823
55925.49998842592,1.81,2.68,0.33000000000000007,-1.2000000000000002,2.28,-0.46999999999999975,7.3e-08,2.5e-07,2.698224852071006,-3.4062248520710057
55932.49998842592,2.55,1.81,-0.8700000000000001,1.6099999999999999,2.3466666666666667,0.20333333333333314,6.91e-08,7.3e-08,-0.708,0.6545753424657533
55960.49998842592,1.88,2.55,0.7399999999999998,-1.4099999999999997,2.0799999999999996,-0.19999999999999973,1.35e-07,6.91e-08,-0.05342465753424663,1.0071149614416273
55974.49998842592,2.77,1.88,-0.6699999999999999,1.56,2.4,0.3700000000000001,1.08e-07,1.35e-07,0.9536903039073805,-1.1536903039073807
55981.49998842592,3.29,2.77,0.8900000000000001,-0.3700000000000001,2.6466666666666665,0.6433333333333335,1.1e-07,1.08e-07,-0.20000000000000007,0.21851851851851867
55988.49998842592,2.63,3.29,0.52,-1.1800000000000002,2.8966666666666665,-0.2666666666666666,1.8e-07,1.1e-07,0.0185185185185186,0.6178451178451176
55995.49998842592,2.7,2.63,-0.6600000000000001,0.7300000000000004,2.8733333333333335,-0.17333333333333334,6.24e-08,1.8e-07,0.6363636363636362,-1.2896969696969696
56009.49998842592,2.71,2.7,0.07000000000000028,-0.0600000000000005,2.6799999999999997,0.03000000000000025,1.15e-07,6.24e-08,-0.6533333333333333,1.4962820512820512
56016.49998842592,1.97,2.71,0.009999999999999787,-0.7499999999999998,2.4600000000000004,-0.49000000000000044,5.3e-08,1.15e-07,0.8429487179487178,-1.3820791527313265
56030.49998842592,2.11,1.97,-0.74,0.8799999999999999,2.263333333333333,-0.15333333333333332,8.49e-08,5.3e-08,-0.5391304347826087,1.1410172272354389
56044.49998842592,2.61,2.11,0.1399999999999999,0.3600000000000001,2.23,0.3799999999999999,8.17e-08,8.49e-08,0.6018867924528302,-0.639578194101829
56051.49998842592,2.55,2.61,0.5,-0.56,2.4233333333333333,0.12666666666666648,8.13e-08,8.17e-08,-0.03769140164899887,0.032795440816685506
56058.49998842592,3.22,2.55,-0.06000000000000005,0.7300000000000004,2.793333333333333,0.4266666666666672,7.75e-08,8.13e-08,-0.004895960832313362,-0.04184450657236061
56072.49998842592,3.45,3.22,0.6700000000000004,-0.4400000000000004,3.0733333333333337,0.3766666666666665,1.66e-07,7.75e-08,-0.04674046740467397,1.1886759512756417
56079.49998842592,1.9,3.45,0.22999999999999998,-1.7800000000000002,2.856666666666667,-0.956666666666667,5.46e-08,1.66e-07,1.1419354838709679,-1.8130198212203654
56100.49998842592,2.4,1.9,-1.5500000000000003,2.0500000000000003,2.5833333333333335,-0.18333333333333357,5.64e-08,5.46e-08,-0.6710843373493975,0.7040513703164306
56121.499976851854,4.65,2.4,0.5,1.7500000000000004,2.983333333333333,1.6666666666666674,1.5e-07,5.64e-08,0.03296703296703307,1.6266074351180733
56226.499976851854,3.27,4.65,2.2500000000000004,-3.630000000000001,3.44,-0.16999999999999993,1.1e-07,1.5e-07,1.6595744680851063,-1.926241134751773
56352.499976851854,2.37,3.27,-1.3800000000000003,0.4800000000000004,3.43,-1.06,9.92e-08,1.1e-07,-0.2666666666666666,0.16848484848484835
56359.499976851854,2.39,2.37,-0.8999999999999999,0.9199999999999999,2.676666666666667,-0.28666666666666707,1.34e-07,9.92e-08,-0.09818181818181826,0.4489882697947215
56373.499976851854,2.75,2.39,0.020000000000000018,0.33999999999999986,2.5033333333333334,0.2466666666666666,8.24e-08,1.34e-07,0.35080645161290325,-0.735881078478575
56380.499976851854,2.6,2.75,0.3599999999999999,-0.5099999999999998,2.58,0.020000000000000018,8.78e-08,8.24e-08,-0.38507462686567173,0.4506086074481961
56415.499976851854,2.33,2.6,-0.1499999999999999,-0.1200000000000001,2.56,-0.22999999999999998,8.17e-08,8.78e-08,0.06553398058252435,-0.13501006258708026
56429.499976851854,2.72,2.33,-0.27,0.6600000000000001,2.5500000000000003,0.16999999999999993,1.24e-07,8.17e-08,-0.0694760820045559,0.5872239400216919
56471.499976851854,2.73,2.72,0.3900000000000001,-0.38000000000000034,2.5933333333333337,0.13666666666666627,7.82e-08,1.24e-07,0.517747858017136,-0.8871026967268134
56478.499976851854,2.23,2.73,0.009999999999999787,-0.5099999999999998,2.56,-0.33000000000000007,5.14e-08,7.82e-08,-0.36935483870967745,0.02664384126722219
56492.499976851854,2.98,2.23,-0.5,1.25,2.6466666666666665,0.3333333333333335,9.68e-08,5.14e-08,-0.34271099744245526,1.225979479932728
56506.499976851854,2.59,2.98,0.75,-1.1400000000000001,2.5999999999999996,-0.009999999999999787,9.26e-08,9.68e-08,0.8832684824902726,-0.9266569122423388
56513.499976851854,2.53,2.59,-0.3900000000000001,0.33000000000000007,2.6999999999999997,-0.16999999999999993,8.93e-08,9.26e-08,-0.04338842975206625,0.007751280723988563
56520.499976851854,3.98,2.53,-0.06000000000000005,1.5100000000000002,3.033333333333333,0.9466666666666668,1.24e-07,8.93e-08,-0.035637149028077686,0.4242149765756701
56527.499976851854,2.29,3.98,1.4500000000000002,-3.14,2.933333333333333,-0.6433333333333331,5.12e-08,1.24e-07,0.3885778275475924,-0.9756746017411408
56541.499976851854,2.81,2.29,-1.69,2.21,3.026666666666667,-0.21666666666666679,7.14e-08,5.12e-08,-0.5870967741935484,0.9816280241935484
56562.499976851854,2.76,2.81,0.52,-0.5700000000000003,2.6199999999999997,0.14000000000000012,9.08e-08,7.14e-08,0.39453125,-0.12282256652661072
56653.499976851854,4.14,2.76,-0.050000000000000266,1.4300000000000002,3.236666666666667,0.9033333333333329,2.2e-07,9.08e-08,0.2717086834733893,1.151198805513395
56674.499976851854,3.13,4.14,1.38,-2.3899999999999997,3.3433333333333333,-0.21333333333333337,1.19e-07,2.2e-07,1.4229074889867843,-1.8819983980776933
56709.499976851854,4.71,3.13,-1.0099999999999998,2.59,3.9933333333333336,0.7166666666666663,1.45e-07,1.19e-07,-0.4590909090909091,0.6775783040488922
56716.499976851854,2.93,4.71,1.58,-3.36,3.59,-0.6599999999999997,1.53e-07,1.45e-07,0.21848739495798308,-0.16331498116487952
56723.499976851854,4.26,2.93,-1.7799999999999998,3.1099999999999994,3.9666666666666663,0.29333333333333345,1.34e-07,1.53e-07,0.05517241379310356,-0.17935542032905127
56737.499976851854,2.84,4.26,1.3299999999999996,-2.7499999999999996,3.3433333333333333,-0.5033333333333334,5.98e-08,1.34e-07,-0.12418300653594772,-0.4295483367476344
56975.499976851854,2.63,2.84,-1.42,1.21,3.2433333333333336,-0.6133333333333337,8.42e-08,5.98e-08,-0.5537313432835821,0.9617580991364248
56982.499976851854,2.46,2.63,-0.20999999999999996,0.040000000000000036,2.643333333333333,-0.18333333333333313,8.67e-08,8.42e-08,0.40802675585284276,-0.3783355444514176
57017.499976851854,5.0,2.46,-0.16999999999999993,2.71,3.3633333333333333,1.6366666666666667,9.94e-08,8.67e-08,0.029691211401425166,0.11679091085924376
57059.499976851854,3.15,5.0,2.54,-4.390000000000001,3.5366666666666666,-0.3866666666666667,8.39e-08,9.94e-08,0.14648212226066892,-0.30241773594276145
57066.499976851854,4.05,3.15,-1.85,2.75,4.066666666666666,-0.016666666666666607,8.15e-08,8.39e-08,-0.15593561368209252,0.12733013096457158
57073.499976851854,3.14,4.05,0.8999999999999999,-1.8099999999999996,3.4466666666666668,-0.30666666666666664,1.03e-07,8.15e-08,-0.028605482717520947,0.29240916369911607
57108.499976851854,1.92,3.14,-0.9099999999999997,-0.3100000000000005,3.0366666666666666,-1.1166666666666667,9.85e-08,1.03e-07,0.2638036809815951,-0.3074930013699446
57115.499976851854,1.98,1.92,-1.2200000000000002,1.2800000000000002,2.346666666666667,-0.36666666666666714,6.49e-08,9.85e-08,-0.043689320388349495,-0.297427430880686
57178.499976851854,3.06,1.98,0.06000000000000005,1.02,2.3200000000000003,0.7399999999999998,7.47e-08,6.49e-08,-0.3411167512690355,0.4921182921010848
57192.499976851854,2.7,3.06,1.08,-1.44,2.5800000000000005,0.11999999999999966,7.22e-08,7.47e-08,0.1510015408320493,-0.18446874297395033
57199.499976851854,2.36,2.7,-0.3599999999999999,0.019999999999999574,2.706666666666667,-0.3466666666666671,8.11e-08,7.22e-08,-0.03346720214190102,0.1567359002028429
57206.49996527778,2.74,2.36,-0.3400000000000003,0.7200000000000006,2.6,0.14000000000000012,1.95e-07,8.11e-08,0.12326869806094187,1.2811702661807352
57213.49996527778,2.31,2.74,0.38000000000000034,-0.8100000000000005,2.47,-0.16000000000000014,1.44e-07,1.95e-07,1.404438964241677,-1.6659774257801385
57220.49996527778,2.12,2.31,-0.43000000000000016,0.2400000000000002,2.39,-0.27,1.44e-07,1.44e-07,-0.2615384615384616,0.2615384615384616
57227.49996527778,2.21,2.12,-0.18999999999999995,0.2799999999999998,2.213333333333334,-0.0033333333333338544,2.24e-07,1.44e-07,0.0,0.5555555555555556
57234.49996527778,2.81,2.21,0.08999999999999986,0.5100000000000002,2.3800000000000003,0.4299999999999997,1.29e-07,2.24e-07,0.5555555555555556,-0.9796626984126984
57241.49996527778,2.61,2.81,0.6000000000000001,-0.8000000000000003,2.5433333333333334,0.06666666666666643,1.45e-07,1.29e-07,-0.4241071428571428,0.5481381506090806
57248.49996527778,2.27,2.61,-0.20000000000000018,-0.13999999999999968,2.563333333333334,-0.2933333333333339,1.82e-07,1.45e-07,0.12403100775193776,0.13114140604116575
57255.49996527778,2.36,2.27,-0.33999999999999986,0.4299999999999997,2.4133333333333336,-0.05333333333333368,1.6e-07,1.82e-07,0.2551724137931035,-0.3760515346722243
57262.49996527778,2.49,2.36,0.08999999999999986,0.04000000000000048,2.3733333333333335,0.1166666666666667,1.56e-07,1.6e-07,-0.12087912087912078,0.09587912087912076
57269.49996527778,1.99,2.49,0.13000000000000034,-0.6300000000000006,2.2800000000000007,-0.2900000000000007,1.17e-07,1.56e-07,-0.025000000000000022,-0.22499999999999998
57276.49996527778,2.45,1.99,-0.5000000000000002,0.9600000000000004,2.3100000000000005,0.13999999999999968,8.69e-08,1.17e-07,-0.25,-0.007264957264957239
57283.49996527778,2.14,2.45,0.4600000000000002,-0.7700000000000002,2.193333333333334,-0.05333333333333368,5.77e-08,8.69e-08,-0.25726495726495724,-0.0787534547028218
57311.49996527778,5.0,2.14,-0.31000000000000005,3.17,3.196666666666667,1.8033333333333328,9.12e-08,5.77e-08,-0.33601841196777904,0.9166076667338102
57318.49996527778,2.51,5.0,2.86,-5.35,3.2166666666666672,-0.7066666666666674,5.42e-08,9.12e-08,0.5805892547660312,-0.9862910091519961
57339.49996527778,2.73,2.51,-2.49,2.7100000000000004,3.4133333333333336,-0.6833333333333336,1.77e-07,5.42e-08,-0.4057017543859649,2.671384411212533
57360.49996527778,2.37,2.73,0.2200000000000002,-0.5800000000000001,2.536666666666667,-0.16666666666666696,1.73e-07,1.77e-07,2.265682656826568,-2.2882815268830656
57367.49996527778,2.21,2.37,-0.3599999999999999,0.19999999999999973,2.436666666666667,-0.22666666666666702,1.24e-07,1.73e-07,-0.02259887005649719,-0.260638124163156
57374.49996527778,2.13,2.21,-0.16000000000000014,0.08000000000000007,2.236666666666667,-0.10666666666666691,1.1e-07,1.24e-07,-0.2832369942196532,0.1703337684132017
57381.49996527778,1.87,2.13,-0.08000000000000007,-0.17999999999999972,2.0700000000000003,-0.20000000000000018,2.47e-07,1.1e-07,-0.11290322580645151,1.3583577712609967
57388.49996527778,2.14,1.87,-0.2599999999999998,0.5299999999999998,2.046666666666667,0.09333333333333327,2.86e-07,2.47e-07,1.2454545454545451,-1.0875598086124398
57395.49996527778,1.95,2.14,0.27,-0.4600000000000002,1.9866666666666672,-0.03666666666666729,6.14e-07,2.86e-07,0.1578947368421053,0.9889584100110413
57402.49996527778,1.86,1.95,-0.19000000000000017,0.10000000000000031,1.9833333333333336,-0.12333333333333352,6.59e-07,6.14e-07,1.1468531468531467,-1.0735632445730163
57409.49996527778,1.85,1.86,-0.08999999999999986,0.07999999999999985,1.886666666666667,-0.03666666666666685,3.59e-07,6.59e-07,0.07328990228013033,-0.5285251071359724
57416.49996527778,2.19,1.85,-0.010000000000000009,0.34999999999999987,1.9666666666666668,0.22333333333333316,1.58e-07,3.59e-07,-0.4552352048558421,-0.10465337453134449
57423.49996527778,2.35,2.19,0.33999999999999986,-0.17999999999999972,2.1300000000000003,0.21999999999999975,2.08e-07,1.58e-07,-0.5598885793871866,0.8763442755897182
57430.49996527778,2.62,2.35,0.16000000000000014,0.10999999999999988,2.386666666666667,0.23333333333333295,1.71e-07,2.08e-07,0.31645569620253156,-0.494340311587147
57437.49996527778,2.62,2.62,0.27,-0.27,2.5300000000000002,0.08999999999999986,1.6e-07,1.71e-07,-0.17788461538461542,0.11355713000449841
57444.49996527778,2.68,2.62,0.0,0.06000000000000005,2.6400000000000006,0.03999999999999959,1.42e-07,1.6e-07,-0.06432748538011701,-0.04817251461988303
57451.49996527778,2.81,2.68,0.06000000000000005,0.06999999999999984,2.7033333333333336,0.10666666666666647,1.09e-07,1.42e-07,-0.11250000000000004,-0.11989436619718308
57465.49996527778,3.65,2.81,0.1299999999999999,0.71,3.046666666666667,0.603333333333333,2.17e-07,1.09e-07,-0.23239436619718312,1.2232200542705778
57472.49996527778,3.17,3.65,0.8399999999999999,-1.3199999999999998,3.2100000000000004,-0.04000000000000048,6.74e-08,2.17e-07,0.9908256880733946,-1.6802266097323808
57486.49996527778,3.13,3.17,-0.48,0.43999999999999995,3.316666666666667,-0.18666666666666698,6.54e-08,6.74e-08,-0.6894009216589863,0.6597273311545353
57493.49996527778,2.43,3.13,-0.040000000000000036,-0.6599999999999997,2.91,-0.48,9.49e-08,6.54e-08,-0.029673590504450953,0.4807439268958882
57514.49996527778,1.85,2.43,-0.6999999999999997,0.11999999999999966,2.47,-0.6200000000000001,5.63e-08,9.49e-08,0.45107033639143723,-0.8578142773819535
57521.49996527778,2.26,1.85,-0.5800000000000001,0.9899999999999998,2.18,0.07999999999999963,1.95e-07,5.63e-08,-0.40674394099051625,2.870331862837763
57528.49996527778,2.27,2.26,0.4099999999999997,-0.39999999999999947,2.126666666666667,0.1433333333333331,2.31e-07,1.95e-07,2.463587921847247,-2.2789725372318625
57535.49996527778,2.7,2.27,0.010000000000000231,0.41999999999999993,2.4100000000000006,0.2899999999999996,1.15e-07,2.31e-07,0.1846153846153844,-0.6867798867798866
57542.49996527778,2.35,2.7,0.43000000000000016,-0.7800000000000002,2.44,-0.08999999999999986,1.2e-07,1.15e-07,-0.5021645021645021,0.5456427630340673
57549.49996527778,2.61,2.35,-0.3500000000000001,0.6099999999999999,2.5533333333333337,0.0566666666666662,9.45e-08,1.2e-07,0.04347826086956519,-0.2559782608695651
57563.49996527778,2.55,2.61,0.2599999999999998,-0.31999999999999984,2.5033333333333334,0.04666666666666641,1.76e-07,9.45e-08,-0.2124999999999999,1.074933862433862
57570.49996527778,2.4,2.55,-0.06000000000000005,-0.08999999999999986,2.52,-0.1200000000000001,9.39e-08,1.76e-07,0.8624338624338621,-1.328911135161135
57584.49996527778,2.7,2.4,-0.1499999999999999,0.4500000000000002,2.5500000000000003,0.1499999999999999,5.21e-08,9.39e-08,-0.4664772727272727,0.021322853131958586
57619.49996527778,4.83,2.7,0.30000000000000027,1.8299999999999996,3.31,1.52,2.41e-07,5.21e-08,-0.4451544195953141,4.070874189269018
57640.49996527778,5.0,4.83,2.13,-1.96,4.176666666666667,0.8233333333333333,7.84e-08,2.41e-07,3.6257197696737045,-4.300408566354203
57654.49996527778,2.45,5.0,0.16999999999999993,-2.7199999999999998,4.093333333333334,-1.6433333333333335,8e-08,7.84e-08,-0.674688796680498,0.6950969599458041
57745.49996527778,3.02,2.45,-2.55,3.1199999999999997,3.49,-0.4700000000000002,6.2e-08,8e-08,0.020408163265306145,-0.24540816326530612
57773.4999537037,3.71,3.02,0.5699999999999998,0.1200000000000001,3.0600000000000005,0.6499999999999995,2.09e-07,6.2e-08,-0.22499999999999998,2.595967741935484
57836.4999537037,3.13,3.71,0.69,-1.27,3.286666666666667,-0.15666666666666718,1.03e-07,2.09e-07,2.370967741935484,-2.878144775428307
57843.4999537037,3.03,3.13,-0.5800000000000001,0.48,3.2900000000000005,-0.2600000000000007,7.95e-08,1.03e-07,-0.507177033492823,0.2790216936869978
57850.4999537037,2.68,3.03,-0.10000000000000009,-0.24999999999999956,2.9466666666666668,-0.2666666666666666,1.18e-07,7.95e-08,-0.22815533980582514,0.7124320693655735
57871.4999537037,5.0,2.68,-0.34999999999999964,2.6699999999999995,3.5700000000000003,1.4299999999999997,1.91e-07,1.18e-07,0.4842767295597483,0.13436733823686198
57885.4999537037,2.29,5.0,2.32,-5.029999999999999,3.3233333333333337,-1.0333333333333337,7.34e-08,1.91e-07,0.6186440677966103,-1.234350874079333
57955.4999537037,3.26,2.29,-2.71,3.6799999999999997,3.516666666666667,-0.25666666666666726,6.29e-08,7.34e-08,-0.6157068062827226,0.4726550351655564
57997.4999537037,2.7,3.26,0.9699999999999998,-1.5299999999999994,2.75,-0.04999999999999982,6.31e-08,6.29e-08,-0.14305177111716616,0.14623142135563993
58004.4999537037,2.72,2.7,-0.5599999999999996,0.5799999999999996,2.893333333333334,-0.17333333333333378,5.36e-08,6.31e-08,0.0031796502384737746,-0.15373432535733278
58011.4999537037,2.03,2.72,0.020000000000000018,-0.7100000000000004,2.483333333333334,-0.45333333333333403,5.25e-08,5.36e-08,-0.150554675118859,0.1300322870591576
58116.4999537037,5.0,2.03,-0.6900000000000004,3.6600000000000006,3.25,1.75,9.04e-08,5.25e-08,-0.020522388059701413,0.7424271499644632
58123.4999537037,3.1,5.0,2.97,-4.87,3.376666666666667,-0.27666666666666684,8.27e-08,9.04e-08,0.7219047619047618,-0.8070817530552042
58228.4999537037,2.92,3.1,-1.9,1.7199999999999998,3.673333333333334,-0.7533333333333339,6.68e-08,8.27e-08,-0.08517699115044242,-0.10708419385560353
58235.4999537037,2.7,2.92,-0.18000000000000016,-0.03999999999999959,2.9066666666666667,-0.20666666666666655,6.06e-08,6.68e-08,-0.19226118500604594,0.0994468137485609
58438.4999537037,3.6,2.7,-0.21999999999999975,1.1199999999999997,3.073333333333334,0.526666666666666,2.37e-07,6.06e-08,-0.09281437125748504,3.0037054603663957
58445.4999537037,2.02,3.6,0.8999999999999999,-2.48,2.773333333333334,-0.7533333333333339,1.65e-07,2.37e-07,2.910891089108911,-3.214688557463341
58473.4999537037,5.0,2.02,-1.58,4.5600000000000005,3.5400000000000005,1.4599999999999995,1.01e-07,1.65e-07,-0.30379746835443033,-0.0840813195243576
58487.4999537037,5.0,5.0,2.98,-2.98,4.006666666666667,0.9933333333333332,1.32e-07,1.01e-07,-0.38787878787878793,0.6948094809480947
58515.4999537037,2.59,5.0,0.0,-2.41,4.196666666666667,-1.6066666666666674,6.36e-08,1.32e-07,0.30693069306930676,-0.8251125112511248
58613.4999537037,3.04,2.59,-2.41,2.8600000000000003,3.5433333333333343,-0.5033333333333343,1.12e-07,6.36e-08,-0.5181818181818181,1.2791881074899942
58627.4999537037,5.0,3.04,0.4500000000000002,1.5099999999999998,3.5433333333333343,1.4566666666666657,1.52e-07,1.12e-07,0.7610062893081762,-0.40386343216531895
58767.4999537037,2.79,5.0,1.96,-4.17,3.6100000000000008,-0.8200000000000007,7.96e-08,1.52e-07,0.3571428571428572,-0.8334586466165415
58774.4999537037,5.0,2.79,-2.21,4.42,4.2633333333333345,0.7366666666666655,1.91e-07,7.96e-08,-0.47631578947368425,1.8758132769108702
58788.4999537037,2.65,5.0,2.21,-4.5600000000000005,3.4800000000000004,-0.8300000000000005,1.15e-07,1.91e-07,1.399497487437186,-1.7974032465994896
58879.4999537037,2.39,2.65,-2.35,2.0900000000000003,3.3466666666666676,-0.9566666666666674,6.64e-08,1.15e-07,-0.39790575916230364,-0.02470293648987032
58886.4999537037,2.35,2.39,-0.2599999999999998,0.21999999999999975,2.4633333333333343,-0.11333333333333417,1.11e-07,6.64e-08,-0.42260869565217396,1.094295442640126
58893.4999537037,2.63,2.35,-0.040000000000000036,0.31999999999999984,2.456666666666667,0.1733333333333329,1.25e-07,1.11e-07,0.6716867469879519,-0.5455606208618258
58900.4999537037,2.22,2.63,0.2799999999999998,-0.6899999999999995,2.400000000000001,-0.1800000000000006,9.46e-08,1.25e-07,0.12612612612612617,-0.36932612612612614
58914.4999537037,2.52,2.22,-0.4099999999999997,0.7099999999999995,2.456666666666667,0.06333333333333302,7.26e-08,9.46e-08,-0.24319999999999997,0.010641860465116282
58921.4999537037,2.14,2.52,0.2999999999999998,-0.6799999999999997,2.2933333333333343,-0.1533333333333342,6.83e-08,7.26e-08,-0.2325581395348837,0.17332948939714254
59019.4999537037,3.57,2.14,-0.3799999999999999,1.8099999999999996,2.743333333333334,0.8266666666666658,9.33e-08,6.83e-08,-0.059228650137741146,0.42526086097229465
59082.4999537037,2.32,3.57,1.4299999999999997,-2.6799999999999997,2.676666666666667,-0.35666666666666735,7.71e-08,9.33e-08,0.3660322108345535,-0.539665651349023
59089.4999537037,2.37,2.32,-1.25,1.3000000000000003,2.753333333333334,-0.38333333333333375,8.19e-08,7.71e-08,-0.1736334405144695,0.2358902498529909
59096.4999537037,2.23,2.37,0.050000000000000266,-0.1900000000000004,2.306666666666667,-0.0766666666666671,6.52e-08,8.19e-08,0.0622568093385214,-0.26616401324572525
59117.4999537037,2.8,2.23,-0.14000000000000012,0.71,2.4666666666666672,0.3333333333333326,7.01e-08,6.52e-08,-0.20390720390720385,0.2790605781403326
59131.4999537037,2.63,2.8,0.5699999999999998,-0.7399999999999998,2.553333333333334,0.07666666666666577,2.02e-07,7.01e-08,0.07515337423312873,1.8064443433132338
59138.4999537037,2.49,2.63,-0.16999999999999993,0.03000000000000025,2.6400000000000006,-0.15000000000000036,1.04e-07,2.02e-07,1.8815977175463625,-2.3667462323978476
59145.4999537037,1.63,2.49,-0.13999999999999968,-0.7200000000000006,2.2500000000000004,-0.6200000000000006,5.86e-08,1.04e-07,-0.48514851485148514,0.04861005331302359
59166.4999537037,1.94,1.63,-0.8600000000000003,1.1700000000000004,2.0200000000000005,-0.08000000000000052,7.61e-08,5.86e-08,-0.43653846153846154,0.7351732738251509
59180.4999537037,1.85,1.94,0.31000000000000005,-0.3999999999999999,1.8066666666666673,0.04333333333333278,5.43e-08,7.61e-08,0.2986348122866893,-0.5850999896848496
59194.4999537037,2.23,1.85,-0.08999999999999986,0.46999999999999975,2.0066666666666673,0.22333333333333272,6.65e-08,5.43e-08,-0.28646517739816024,0.5111428937885839
59208.4999537037,2.27,2.23,0.3799999999999999,-0.33999999999999986,2.1166666666666676,0.15333333333333243,1.03e-07,6.65e-08,0.22467771639042367,0.32419446406070396
59229.4999537037,1.99,2.27,0.040000000000000036,-0.32000000000000006,2.163333333333334,-0.173333333333334,1.22e-07,1.03e-07,0.5488721804511276,-0.36440616103365175
59236.4999537037,2.6,1.99,-0.28,0.8900000000000001,2.286666666666667,0.313333333333333,1.86e-07,1.22e-07,0.18446601941747587,0.3401241445169503
59243.4999537037,3.37,2.6,0.6100000000000001,0.15999999999999992,2.6533333333333338,0.7166666666666663,1.27e-07,1.86e-07,0.5245901639344261,-0.8417944650096949
59250.4999537037,2.19,3.37,0.77,-1.9500000000000002,2.7200000000000006,-0.5300000000000007,1.15e-07,1.27e-07,-0.31720430107526876,0.22271611209889075
59264.4999537037,1.57,2.19,-1.1800000000000002,0.5600000000000003,2.3766666666666674,-0.8066666666666673,5.71e-08,1.15e-07,-0.09448818897637801,-0.40899007189318715
59271.4999537037,1.68,1.57,-0.6199999999999999,0.7299999999999998,1.8133333333333337,-0.13333333333333375,7.89e-08,5.71e-08,-0.5034782608695652,0.8852646006243812
59278.4999537037,2.14,1.68,0.10999999999999988,0.3500000000000003,1.7966666666666675,0.3433333333333326,1.08e-07,7.89e-08,0.381786339754816,-0.012965046979150685
59285.4999537037,2.81,2.14,0.4600000000000002,0.20999999999999974,2.2100000000000004,0.5999999999999996,1.33e-07,1.08e-07,0.36882129277566533,-0.1373398112941837
59299.4999537037,1.86,2.81,0.6699999999999999,-1.6199999999999999,2.270000000000001,-0.4100000000000008,7.95e-08,1.33e-07,0.23148148148148162,-0.633737120579226
59313.4999537037,1.99,1.86,-0.95,1.0799999999999998,2.2200000000000006,-0.23000000000000065,1.78e-07,7.95e-08,-0.4022556390977444,1.6412493497895682
59320.4999537037,2.32,1.99,0.1299999999999999,0.19999999999999996,2.056666666666667,0.26333333333333275,1.48e-07,1.78e-07,1.2389937106918238,-1.4075330365345204
59341.4999537037,1.84,2.32,0.32999999999999985,-0.8099999999999996,2.0500000000000003,-0.2100000000000002,4.06e-07,1.48e-07,-0.1685393258426966,1.91178256908594
59348.4999537037,2.2,1.84,-0.47999999999999976,0.8399999999999999,2.1200000000000006,0.07999999999999963,3.82e-07,4.06e-07,1.7432432432432434,-1.8023565437358542
59355.4999537037,1.8,2.2,0.3600000000000001,-0.7600000000000002,1.9466666666666672,-0.14666666666666717,2.52e-07,3.82e-07,-0.059113300492610876,-0.28120083563304366
59362.4999537037,2.08,1.8,-0.40000000000000013,0.6800000000000002,2.0266666666666673,0.05333333333333279,5.85e-07,2.52e-07,-0.34031413612565453,1.6617427075542262
59369.4999537037,1.95,2.08,0.28,-0.41000000000000014,1.943333333333334,0.0066666666666659324,1.31e-07,5.85e-07,1.3214285714285716,-2.0974969474969476
59376.4999537037,2.13,1.95,-0.13000000000000012,0.31000000000000005,2.053333333333334,0.07666666666666577,1.05e-07,1.31e-07,-0.7760683760683761,0.577595093625628
59383.4999537037,1.68,2.13,0.17999999999999994,-0.6299999999999999,1.9200000000000006,-0.24000000000000066,7.32e-08,1.05e-07,-0.1984732824427481,-0.10438386041439485
59390.4999537037,2.53,1.68,-0.44999999999999996,1.2999999999999998,2.1133333333333337,0.4166666666666661,1.02e-07,7.32e-08,-0.30285714285714294,0.6962997658079628
59397.4999537037,3.47,2.53,0.8499999999999999,0.09000000000000052,2.5600000000000005,0.9099999999999997,1.03e-07,1.02e-07,0.3934426229508199,-0.38363870138219247
59404.4999537037,2.6,3.47,0.9400000000000004,-1.8100000000000005,2.866666666666667,-0.26666666666666705,6.93e-08,1.03e-07,0.009803921568627416,-0.33698838758804484
59418.4999537037,2.55,2.6,-0.8700000000000001,0.8199999999999998,2.8733333333333335,-0.3233333333333337,1.22e-07,6.93e-08,-0.3271844660194174,1.087646226481178
59425.4999537037,2.55,2.55,-0.050000000000000266,0.050000000000000266,2.566666666666667,-0.01666666666666705,1.14e-07,1.22e-07,0.7604617604617605,-0.8260355309535639
59537.4999537037,2.38,2.55,0.0,-0.16999999999999993,2.4933333333333336,-0.11333333333333373,7.85e-08,1.14e-07,-0.06557377049180335,-0.24582973828012655
59579.4999537037,2.6,2.38,-0.16999999999999993,0.3900000000000001,2.5100000000000002,0.08999999999999986,7.65e-08,7.85e-08,-0.3114035087719299,0.2859258017655606
59586.4999537037,2.16,2.6,0.2200000000000002,-0.6600000000000001,2.380000000000001,-0.22000000000000064,6.16e-08,7.65e-08,-0.02547770700636931,-0.16929353482369613
59593.4999537037,2.5,2.16,-0.43999999999999995,0.7799999999999998,2.4200000000000004,0.07999999999999963,6.31e-08,6.16e-08,-0.19477124183006544,0.219121891180715
59600.4999537037,2.06,2.5,0.33999999999999986,-0.7799999999999998,2.2400000000000007,-0.1800000000000006,6.99e-08,6.31e-08,0.024350649350649567,0.08341480231337561
59656.4999537037,2.28,2.06,-0.43999999999999995,0.6599999999999997,2.2800000000000007,-8.881784197001252e-16,1.43e-07,6.99e-08,0.10776545166402518,0.9380142336006385
59663.4999537037,2.45,2.28,0.21999999999999975,-0.04999999999999938,2.263333333333334,0.1866666666666661,1.63e-07,1.43e-07,1.0457796852646637,-0.9059195454045239
59670.4999537037,2.59,2.45,0.17000000000000037,-0.030000000000000693,2.440000000000001,0.14999999999999902,1.35e-07,1.63e-07,0.1398601398601398,-0.31163928096443416
59684.4999537037,2.18,2.59,0.13999999999999968,-0.5499999999999994,2.4066666666666676,-0.22666666666666746,1.54e-07,1.35e-07,-0.17177914110429437,0.3125198818450352
59740.4999537037,2.16,2.18,-0.4099999999999997,0.3899999999999997,2.3100000000000005,-0.15000000000000036,1.24e-07,1.54e-07,0.14074074074074083,-0.3355459355459357
59754.4999537037,5.0,2.16,-0.020000000000000018,2.86,3.1133333333333337,1.8866666666666663,7.74e-08,1.24e-07,-0.19480519480519487,-0.1810012568077083
59775.4999537037,2.81,5.0,2.84,-5.029999999999999,3.323333333333334,-0.5133333333333341,8.81e-08,7.74e-08,-0.37580645161290316,0.5140493456697506
59782.4999537037,1.78,2.81,-2.19,1.16,3.196666666666667,-1.4166666666666672,5.66e-08,8.81e-08,0.13824289405684742,-0.4957911346924888
59803.4999537037,2.08,1.78,-1.03,1.33,2.223333333333334,-0.14333333333333398,6.54e-08,5.66e-08,-0.3575482406356414,0.5130252724377617
59824.4999537037,2.17,2.08,0.30000000000000004,-0.2100000000000002,2.0100000000000002,0.1599999999999997,7.38e-08,6.54e-08,0.15547703180212036,-0.027036664829643398
59838.4999537037,2.07,2.17,0.08999999999999986,-0.18999999999999995,2.106666666666667,-0.03666666666666707,1.41e-07,7.38e-08,0.12844036697247696,0.78212873871858
59845.4999537037,2.73,2.07,-0.10000000000000009,0.7600000000000002,2.3233333333333337,0.4066666666666663,1.19e-07,1.41e-07,0.910569105691057,-1.0665974744853832
59880.4999537037,2.66,2.73,0.6600000000000001,-0.73,2.486666666666667,0.17333333333333334,9.99e-08,1.19e-07,-0.15602836879432636,-0.0044758328863458985
59915.4999537037,2.32,2.66,-0.06999999999999984,-0.27000000000000046,2.5700000000000003,-0.25000000000000044,5.91e-08,9.99e-08,-0.16050420168067225,-0.24790420672773616
59922.4999537037,2.65,2.32,-0.3400000000000003,0.6700000000000004,2.5433333333333334,0.10666666666666647,5.73e-08,5.91e-08,-0.4084084084084084,0.37795155561653015
59950.4999537037,3.01,2.65,0.33000000000000007,0.029999999999999805,2.66,0.34999999999999964,8.54e-08,5.73e-08,-0.030456852791878264,0.5208582489524367
59964.4999537037,5.0,3.01,0.3599999999999999,1.6300000000000003,3.5533333333333332,1.4466666666666668,6.95e-08,8.54e-08,0.49040139616055844,-0.6765840659497857
59992.4999537037,2.16,5.0,1.9900000000000002,-4.83,3.3900000000000006,-1.2300000000000004,5.73e-08,6.95e-08,-0.18618266978922726,0.010643101443903569
60083.4999537037,5.0,2.16,-2.84,5.68,4.053333333333334,0.9466666666666663,1.1e-07,5.73e-08,-0.1755395683453237,1.0952603362336308
60125.4999537037,2.94,5.0,2.84,-4.9,3.366666666666667,-0.4266666666666672,8e-08,1.1e-07,0.9197207678883073,-1.19244804061558
60132.4999537037,2.63,2.94,-2.06,1.75,3.5233333333333334,-0.8933333333333335,6.64e-08,8e-08,-0.2727272727272727,0.10272727272727267
60139.4999537037,2.22,2.63,-0.31000000000000005,-0.09999999999999964,2.596666666666667,-0.3766666666666669,6.82e-08,6.64e-08,-0.17000000000000004,0.19710843373493991
60146.4999537037,3.16,2.22,-0.4099999999999997,1.3499999999999996,2.6700000000000004,0.48999999999999977,1.66e-07,6.82e-08,0.027108433734939874,1.406909161572978
60160.4999537037,2.91,3.16,0.94,-1.19,2.7633333333333336,0.1466666666666665,7.27e-08,1.66e-07,1.434017595307918,-1.9960657880790023
60167.4999537037,2.29,2.91,-0.25,-0.3700000000000001,2.786666666666667,-0.49666666666666703,9.69e-08,7.27e-08,-0.5620481927710843,0.894923020831607
60174.4999537037,1.91,2.29,-0.6200000000000001,0.24,2.3700000000000006,-0.46000000000000063,7.57e-08,9.69e-08,0.3328748280605227,-0.5516570778025248
60181.4999537037,2.16,1.91,-0.3800000000000001,0.6300000000000003,2.1200000000000006,0.03999999999999959,6.99e-08,7.57e-08,-0.2187822497420021,0.14216401988731253
60202.4999537037,2.6,2.16,0.2500000000000002,0.18999999999999972,2.223333333333334,0.37666666666666604,7.33e-08,6.99e-08,-0.07661822985468958,0.1252591454483949
60230.4999537037,5.0,2.6,0.43999999999999995,1.96,3.253333333333334,1.7466666666666661,2.87e-05,7.33e-08,0.048640915593705314,390.49296890705295
60237.4999537037,3.21,5.0,2.4,-4.1899999999999995,3.603333333333334,-0.393333333333334,1.22e-07,2.87e-05,390.54160982264665,-391.5373589515665
60258.4999537037,2.71,3.21,-1.79,1.29,3.6400000000000006,-0.9300000000000006,7.77e-08,1.22e-07,-0.9957491289198607,0.6326343748215
60272.4999537037,2.01,2.71,-0.5,-0.20000000000000018,2.643333333333334,-0.6333333333333342,6.69e-08,7.77e-08,-0.3631147540983607,0.22411861510222164
60279.4999537037,2.62,2.01,-0.7000000000000002,1.3100000000000005,2.446666666666667,0.1733333333333329,9.59e-08,6.69e-08,-0.13899613899613905,0.5724789491605636
60286.4999537037,2.13,2.62,0.6100000000000003,-1.1000000000000005,2.253333333333334,-0.12333333333333396,1.19e-07,9.59e-08,0.4334828101644246,-0.19260689775566564
60293.4999537037,1.84,2.13,-0.4900000000000002,0.2000000000000004,2.196666666666667,-0.35666666666666713,2.52e-07,1.19e-07,0.24087591240875894,0.8767711464147705
60321.4999537037,2.8,1.84,-0.2899999999999998,1.2499999999999996,2.2566666666666673,0.5433333333333326,1.67e-07,2.52e-07,1.1176470588235294,-1.4549486461251167
60335.4999537037,2.58,2.8,0.9599999999999997,-1.1799999999999995,2.406666666666667,0.1733333333333329,2.58e-07,1.67e-07,-0.3373015873015872,0.8822117669423057
60342.4999537037,1.95,2.58,-0.21999999999999975,-0.41000000000000036,2.443333333333334,-0.49333333333333385,5.19e-07,2.58e-07,0.5449101796407185,0.4667177273360257
60349.4999537037,1.81,1.95,-0.6300000000000001,0.4900000000000002,2.1133333333333337,-0.3033333333333337,2.26e-07,5.19e-07,1.0116279069767442,-1.5761751131424475
60356.4999537037,1.99,1.81,-0.1399999999999999,0.31999999999999984,1.9166666666666672,0.0733333333333328,2.95e-07,2.26e-07,-0.5645472061657033,0.8698569406789776
60363.4999537037,1.69,1.99,0.17999999999999994,-0.48,1.8300000000000007,-0.1400000000000008,1.89e-07,2.95e-07,0.30530973451327426,-0.6646317684115792
60370.4999537037,2.06,1.69,-0.30000000000000004,0.6700000000000002,1.913333333333334,0.14666666666666606,2.2e-07,1.89e-07,-0.35932203389830497,0.5233431979194689
60377.4999537037,2.07,2.06,0.3700000000000001,-0.3600000000000003,1.9400000000000006,0.12999999999999923,2.34e-07,2.2e-07,0.16402116402116396,-0.10038480038480047
60384.4999537037,1.97,2.07,0.009999999999999787,-0.10999999999999965,2.033333333333334,-0.06333333333333413,3.29e-07,2.34e-07,0.06363636363636349,0.3423465423465424
60391.4999537037,2.22,1.97,-0.09999999999999987,0.3500000000000001,2.0866666666666673,0.13333333333333286,3.82e-07,3.29e-07,0.4059829059829059,-0.24488868105889372
60398.4999537037,2.24,2.22,0.2500000000000002,-0.2300000000000002,2.143333333333334,0.09666666666666623,1.33e-07,3.82e-07,0.16109422492401215,-0.8129266856569964
60405.4999537037,2.26,2.24,0.020000000000000018,-4.440892098500626e-16,2.2400000000000007,0.01999999999999913,1.2e-07,1.33e-07,-0.6518324607329843,0.5540880998307285
60412.4999537037,2.32,2.26,0.019999999999999574,0.04000000000000048,2.273333333333334,0.04666666666666597,1.19e-07,1.2e-07,-0.0977443609022558,0.0894110275689225
60419.4999537037,2.69,2.32,0.06000000000000005,0.31000000000000005,2.423333333333334,0.26666666666666616,3.8e-07,1.19e-07,-0.008333333333333304,2.2016106442577033
60426.4999537037,2.02,2.69,0.3700000000000001,-1.04,2.3433333333333337,-0.3233333333333337,1.98e-07,3.8e-07,2.19327731092437,-2.6722246793454225
60447.4999537037,2.2,2.02,-0.6699999999999999,0.8500000000000001,2.303333333333334,-0.10333333333333394,2.42e-07,1.98e-07,-0.4789473684210527,0.701169590643275
60454.4999537037,2.35,2.2,0.18000000000000016,-0.03000000000000025,2.190000000000001,0.15999999999999925,2.42e-07,2.42e-07,0.22222222222222232,-0.22222222222222232
60468.4999537037,1.91,2.35,0.1499999999999999,-0.5900000000000001,2.153333333333334,-0.2433333333333343,5.28e-08,2.42e-07,0.0,-0.7818181818181819
60475.4999537037,2.26,1.91,-0.44000000000000017,0.79,2.173333333333334,0.086666666666666,1.34e-07,5.28e-08,-0.7818181818181819,2.31969696969697
60482.4999537037,2.1,2.26,0.34999999999999987,-0.5099999999999996,2.0900000000000003,0.009999999999999787,2.43e-07,1.34e-07,1.537878787878788,-0.7244459520578928
60489.4999537037,2.17,2.1,-0.1599999999999997,0.22999999999999954,2.176666666666667,-0.006666666666667265,3.99e-07,2.43e-07,0.8134328358208953,-0.17145752717891982
60496.4999537037,2.1,2.17,0.06999999999999984,-0.13999999999999968,2.123333333333334,-0.023333333333333872,4.92e-07,3.99e-07,0.6419753086419755,-0.40889260187505827
60503.4999537037,2.23,2.1,-0.06999999999999984,0.19999999999999973,2.1666666666666674,0.06333333333333258,4.66e-07,4.92e-07,0.23308270676691722,-0.2859282352222018
60510.4999537037,2.17,2.23,0.1299999999999999,-0.18999999999999995,2.1666666666666674,0.003333333333332522,3.02e-07,4.66e-07,-0.05284552845528456,-0.29908580201681856
60524.4999537037,2.33,2.17,-0.06000000000000005,0.2200000000000002,2.243333333333334,0.086666666666666,1.22e-07,3.02e-07,-0.3519313304721031,-0.24409515959412198
60531.4999537037,2.85,2.33,0.16000000000000014,0.3599999999999999,2.4500000000000006,0.39999999999999947,8.88e-08,1.22e-07,-0.5960264900662251,0.32389534252524144
60545.4999537037,2.16,2.85,0.52,-1.21,2.446666666666667,-0.28666666666666707,6.63e-08,8.88e-08,-0.27213114754098366,0.018752769162605376
60573.4999537037,2.52,2.16,-0.69,1.0499999999999998,2.5100000000000002,0.009999999999999787,6.54e-08,6.63e-08,-0.2533783783783783,0.23980371774489406
60636.4999537037,2.88,2.52,0.3599999999999999,0.0,2.520000000000001,0.359999999999999,1.14e-07,6.54e-08,-0.013574660633484226,0.7566939266885301
60650.4999537037,2.09,2.88,0.3599999999999999,-1.15,2.4966666666666675,-0.4066666666666676,6.23e-08,1.14e-07,0.7431192660550459,-1.1966280379848704
60657.4999537037,2.01,2.09,-0.79,0.71,2.3266666666666675,-0.31666666666666776,2.04e-07,6.23e-08,-0.45350877192982464,2.7279871025879308
60664.4999537037,2.75,2.01,-0.08000000000000007,0.8200000000000003,2.2833333333333337,0.46666666666666634,8.89e-08,2.04e-07,2.274478330658106,-2.8386940169326156
60692.4999537037,2.85,2.75,0.7400000000000002,-0.6400000000000001,2.536666666666667,0.313333333333333,7.14e-08,8.89e-08,-0.5642156862745098,0.3673652925737225
60699.4999537037,2.09,2.85,0.10000000000000009,-0.8600000000000003,2.563333333333334,-0.47333333333333405,6.76e-08,7.14e-08,-0.19685039370078727,0.14362910518538097
60706.4999537037,2.37,2.09,-0.7600000000000002,1.0400000000000005,2.436666666666667,-0.06666666666666687,6.91e-08,6.76e-08,-0.053221288515406306,0.0754106376278324
60720.4999537037,2.89,2.37,0.28000000000000025,0.23999999999999977,2.4500000000000006,0.4399999999999995,9.82e-08,6.91e-08,0.022189349112426093,0.39893944972983153
60727.4999537037,2.56,2.89,0.52,-0.8500000000000001,2.6066666666666674,-0.0466666666666673,1.28e-07,9.82e-08,0.4211287988422576,-0.11766647704999689
60734.4999537037,3.33,2.56,-0.33000000000000007,1.1,2.926666666666667,0.4033333333333329,1.78e-07,1.28e-07,0.30346232179226074,0.08716267820773926
60741.4999537037,2.35,3.33,0.77,-1.75,2.7466666666666675,-0.3966666666666674,1.4e-07,1.78e-07,0.390625,-0.6041081460674157
60748.4999537037,2.18,2.35,-0.98,0.81,2.6200000000000006,-0.4400000000000004,1.49e-07,1.4e-07,-0.2134831460674157,0.27776886035313
60755.4999537037,2.54,2.18,-0.16999999999999993,0.5299999999999998,2.3566666666666674,0.18333333333333268,2.23e-07,1.49e-07,0.06428571428571428,0.4323585810162991
60762.4999537037,1.83,2.54,0.3599999999999999,-1.0699999999999998,2.183333333333334,-0.35333333333333394,5.49e-08,2.23e-07,0.49664429530201337,-1.2504559544948384
60769.4999537037,2.42,1.83,-0.71,1.2999999999999998,2.263333333333334,0.15666666666666584,2.25e-07,5.49e-08,-0.7538116591928251,3.8521723149305296
60776.4999537037,2.19,2.42,0.5899999999999999,-0.8199999999999998,2.146666666666667,0.043333333333333,3.74e-07,2.25e-07,3.0983606557377046,-2.4361384335154823
60783.4999537037,2.33,2.19,-0.22999999999999998,0.3700000000000001,2.313333333333334,0.016666666666666163,4.78e-07,3.74e-07,0.6622222222222223,-0.38414735591206184
60790.4999537037,2.39,2.33,0.14000000000000012,-0.08000000000000007,2.303333333333334,0.086666666666666,2.06e-07,4.78e-07,0.27807486631016043,-0.8471125232139262
60811.4999537037,2.15,2.39,0.06000000000000005,-0.30000000000000027,2.290000000000001,-0.140000000000001,1.6e-07,2.06e-07,-0.5690376569037657,0.3457366860299794
60818.4999537037,2.28,2.15,-0.2400000000000002,0.3700000000000001,2.273333333333334,0.0066666666666659324,3.58e-07,1.6e-07,-0.2233009708737863,1.4608009708737861
60825.4999537037,1.84,2.28,0.1299999999999999,-0.5699999999999996,2.0900000000000003,-0.2500000000000002,1.7e-07,3.58e-07,1.2374999999999998,-1.762639664804469
60832.4999537037,1.93,1.84,-0.4399999999999997,0.5299999999999996,2.016666666666667,-0.08666666666666711,1.16e-07,1.7e-07,-0.5251396648044693,0.20749260598094
60839.4999537037,2.75,1.93,0.08999999999999986,0.7300000000000002,2.173333333333334,0.5766666666666662,2.7e-07,1.16e-07,-0.3176470588235293,1.6452332657200808
60846.4999537037,3.36,2.75,0.8200000000000001,-0.2100000000000002,2.680000000000001,0.6799999999999988,1.13e-07,2.7e-07,1.3275862068965516,-1.909067688378033
60853.4999537037,2.23,3.36,0.6099999999999999,-1.7399999999999998,2.7800000000000007,-0.5500000000000007,8.52e-08,1.13e-07,-0.5814814814814815,0.33546378236643715
60860.4999537037,2.44,2.23,-1.13,1.3399999999999999,2.676666666666667,-0.23666666666666725,7.38e-08,8.52e-08,-0.24601769911504434,0.11221488221363596
60867.4999537037,2.33,2.44,0.20999999999999996,-0.31999999999999984,2.333333333333334,-0.0033333333333338544,7.6e-08,7.38e-08,-0.13380281690140838,0.16361311500438946
60874.4999537037,3.08,2.33,-0.10999999999999988,0.8599999999999999,2.616666666666667,0.46333333333333293,1.1e-07,7.6e-08,0.02981029810298108,0.41755812294965056
60888.4999537037,2.45,3.08,0.75,-1.38,2.6200000000000006,-0.17000000000000037,1.3e-07,1.1e-07,0.44736842105263164,-0.26555023923445
60895.4999537037,2.75,2.45,-0.6299999999999999,0.9299999999999997,2.7600000000000002,-0.010000000000000231,2.29e-07,1.3e-07,0.18181818181818166,0.5797202797202798
60902.4999537037,2.46,2.75,0.2999999999999998,-0.5899999999999999,2.553333333333334,-0.09333333333333416,3.66e-07,2.29e-07,0.7615384615384615,-0.16328518642929102
60909.4999537037,2.66,2.46,-0.29000000000000004,0.4900000000000002,2.623333333333334,0.03666666666666618,1.96e-07,3.66e-07,0.5982532751091705,-1.0627341494261104
60923.4999537037,2.26,2.66,0.20000000000000018,-0.6000000000000005,2.4600000000000004,-0.20000000000000062,7.34e-08,1.96e-07,-0.46448087431693985,-0.16102932976469286
60930.4999537037,2.08,2.26,-0.40000000000000036,0.22000000000000064,2.333333333333334,-0.25333333333333385,2.56e-07,7.34e-08,-0.6255102040816327,3.1132486237001618
60937.4999537037,3.03,2.08,-0.17999999999999972,1.1299999999999994,2.456666666666667,0.5733333333333328,8.87e-08,2.56e-07,2.487738419618529,-3.1412540446185293
60944.4999537037,2.31,3.03,0.9499999999999997,-1.6699999999999995,2.473333333333334,-0.163333333333334,1.03e-07,8.87e-08,-0.653515625,0.8147332123731681
60951.4999537037,2.25,2.31,-0.7199999999999998,0.6599999999999997,2.5300000000000007,-0.2800000000000007,8.07e-08,1.03e-07,0.16121758737316805,-0.3777224417421
60965.4999537037,3.39,2.25,-0.06000000000000005,1.2000000000000002,2.650000000000001,0.7399999999999993,0.0396,8.07e-08,-0.21650485436893196,490705.53620745667
61007.4999537037,2.47,3.39,1.1400000000000001,-2.06,2.7033333333333345,-0.23333333333333428,7.63e-08,0.0396,490705.3197026023,-490706.3197006755
61028.4999537037,3.04,2.47,-0.9199999999999999,1.4899999999999998,2.9666666666666672,0.0733333333333328,1.59e-07,7.63e-08,-0.9999980732323233,2.0838774965612883
