#MJD,flux_lag_1,flux_lag_2,flux_lag_3,flux_lag_4,flux_lag_5,flux_lag_6,flux_rolling_mean_7,flux_rolling_std_7,index_lag_1,index_lag_2,index_lag_3,index_lag_4,index_lag_5,index_lag_6,index_rolling_mean_7,index_rolling_std_7
54819.5,-7.314258261397736,-6.991399828238082,-7.2839966563652006,-7.221848749616356,-6.823908740944319,-7.232844133917819,-7.12,0.19,2.06,2.58,3.17,1.89,2.72,2.06,2.7,0.89
54833.49998842592,-6.987162775294828,-7.314258261397736,-6.991399828238082,-7.2839966563652006,-7.221848749616356,-6.823908740944319,-7.11,0.18,4.43,2.06,2.58,3.17,1.89,2.72,3.12,1.18
54868.49998842592,-7.130181792020672,-6.987162775294828,-7.314258261397736,-6.991399828238082,-7.2839966563652006,-7.221848749616356,-7.17,0.14,5.0,4.43,2.06,2.58,3.17,1.89,3.1,1.19
54875.49998842592,-7.253365801062421,-7.130181792020672,-6.987162775294828,-7.314258261397736,-6.991399828238082,-7.2839966563652006,-7.17,0.14,2.6,5.0,4.43,2.06,2.58,3.17,3.15,1.13
54889.49998842592,-7.251037138743839,-7.253365801062421,-7.130181792020672,-6.987162775294828,-7.314258261397736,-6.991399828238082,-7.16,0.13,2.23,2.6,5.0,4.43,2.06,2.58,3.09,1.15
54896.49998842592,-7.2168113089247425,-7.251037138743839,-7.253365801062421,-7.130181792020672,-6.987162775294828,-7.314258261397736,-7.16,0.14,2.74,2.23,2.6,5.0,4.43,2.06,3.07,1.15
54903.49998842592,-6.954677021213342,-7.2168113089247425,-7.251037138743839,-7.253365801062421,-7.130181792020672,-6.987162775294828,-7.12,0.12,2.46,2.74,2.23,2.6,5.0,4.43,3.09,1.14
54917.49998842592,-7.056505484093897,-6.954677021213342,-7.2168113089247425,-7.251037138743839,-7.253365801062421,-7.130181792020672,-7.13,0.12,2.18,2.46,2.74,2.23,2.6,5.0,2.74,1.03
54924.49998842592,-7.026410376572743,-7.056505484093897,-6.954677021213342,-7.2168113089247425,-7.251037138743839,-7.253365801062421,-7.13,0.12,1.99,2.18,2.46,2.74,2.23,2.6,2.29,0.32
54931.49998842592,-7.1249387366083,-7.026410376572743,-7.056505484093897,-6.954677021213342,-7.2168113089247425,-7.251037138743839,-7.09,0.12,1.85,1.99,2.18,2.46,2.74,2.23,2.26,0.3
54945.49998842592,-6.97469413473523,-7.1249387366083,-7.026410376572743,-7.056505484093897,-6.954677021213342,-7.2168113089247425,-7.07,0.1,2.35,1.85,1.99,2.18,2.46,2.74,2.23,0.31
54959.49998842592,-7.16304326294045,-6.97469413473523,-7.1249387366083,-7.026410376572743,-7.056505484093897,-6.954677021213342,-6.95,0.27,2.06,2.35,1.85,1.99,2.18,2.46,2.14,0.21
54966.49998842592,-6.356547323513812,-7.16304326294045,-6.97469413473523,-7.1249387366083,-7.026410376572743,-7.056505484093897,-6.91,0.3,2.06,2.06,2.35,1.85,1.99,2.18,2.1,0.17
54973.49998842592,-6.636388020107856,-6.356547323513812,-7.16304326294045,-6.97469413473523,-7.1249387366083,-7.026410376572743,-6.89,0.29,2.23,2.06,2.06,2.35,1.85,1.99,2.11,0.17
54980.49998842592,-6.920818753952375,-6.636388020107856,-6.356547323513812,-7.16304326294045,-6.97469413473523,-7.1249387366083,-6.89,0.29,2.2,2.23,2.06,2.06,2.35,1.85,2.14,0.16
54987.49998842592,-7.060480747381382,-6.920818753952375,-6.636388020107856,-6.356547323513812,-7.16304326294045,-6.97469413473523,-6.9,0.3,2.23,2.2,2.23,2.06,2.06,2.35,2.32,0.37
55015.49998842592,-7.175874166083451,-7.060480747381382,-6.920818753952375,-6.636388020107856,-6.356547323513812,-7.16304326294045,-6.94,0.34,3.12,2.23,2.2,2.23,2.06,2.06,2.26,0.4
55022.49998842592,-7.291579099865287,-7.175874166083451,-7.060480747381382,-6.920818753952375,-6.636388020107856,-6.356547323513812,-6.91,0.32,1.89,3.12,2.23,2.2,2.23,2.06,2.27,0.4
55029.49998842592,-6.91721462968355,-7.291579099865287,-7.175874166083451,-7.060480747381382,-6.920818753952375,-6.636388020107856,-7.03,0.22,2.13,1.89,3.12,2.23,2.2,2.23,2.35,0.41
55036.49998842592,-7.197226274708024,-6.91721462968355,-7.291579099865287,-7.175874166083451,-7.060480747381382,-6.920818753952375,-7.12,0.15,2.66,2.13,1.89,3.12,2.23,2.2,2.37,0.4
55050.49998842592,-7.253365801062421,-7.197226274708024,-6.91721462968355,-7.291579099865287,-7.175874166083451,-7.060480747381382,-7.15,0.13,2.37,2.66,2.13,1.89,3.12,2.23,2.41,0.4
55057.49998842592,-7.18111458540599,-7.253365801062421,-7.197226274708024,-6.91721462968355,-7.291579099865287,-7.175874166083451,-7.19,0.13,2.48,2.37,2.66,2.13,1.89,3.12,2.4,0.4
55064.49998842592,-7.284832642151542,-7.18111458540599,-7.253365801062421,-7.197226274708024,-6.91721462968355,-7.291579099865287,-7.19,0.13,2.17,2.48,2.37,2.66,2.13,1.89,2.29,0.25
55071.49998842592,-7.186419011431808,-7.284832642151542,-7.18111458540599,-7.253365801062421,-7.197226274708024,-6.91721462968355,-7.16,0.12,2.36,2.17,2.48,2.37,2.66,2.13,2.31,0.22
55078.49998842592,-7.094743951251549,-7.186419011431808,-7.284832642151542,-7.18111458540599,-7.253365801062421,-7.197226274708024,-7.15,0.14,2.03,2.36,2.17,2.48,2.37,2.66,2.28,0.26
55085.49998842592,-6.8696662315049934,-7.094743951251549,-7.186419011431808,-7.284832642151542,-7.18111458540599,-7.253365801062421,-7.14,0.14,1.91,2.03,2.36,2.17,2.48,2.37,2.2,0.21
55092.49998842592,-7.086186147616283,-6.8696662315049934,-7.094743951251549,-7.186419011431808,-7.284832642151542,-7.18111458540599,-7.07,0.18,2.06,1.91,2.03,2.36,2.17,2.48,2.27,0.34
55099.49998842592,-6.772113295386326,-7.086186147616283,-6.8696662315049934,-7.094743951251549,-7.186419011431808,-7.284832642151542,-7.04,0.18,2.91,2.06,1.91,2.03,2.36,2.17,2.22,0.33
55106.49998842592,-7.009661145212399,-6.772113295386326,-7.086186147616283,-6.8696662315049934,-7.094743951251549,-7.186419011431808,-6.96,0.17,2.12,2.91,2.06,1.91,2.03,2.36,2.19,0.35
55113.49998842592,-6.732828271596986,-7.009661145212399,-6.772113295386326,-7.086186147616283,-6.8696662315049934,-7.094743951251549,-6.88,0.2,1.93,2.12,2.91,2.06,1.91,2.03,2.14,0.35
55120.49998842592,-6.580044251510242,-6.732828271596986,-7.009661145212399,-6.772113295386326,-7.086186147616283,-6.8696662315049934,-6.84,0.17,2.0,1.93,2.12,2.91,2.06,1.91,2.09,0.38
55127.49998842592,-6.835647144215563,-6.580044251510242,-6.732828271596986,-7.009661145212399,-6.772113295386326,-7.086186147616283,-6.87,0.19,1.72,2.0,1.93,2.12,2.91,2.06,2.1,0.38
55134.49998842592,-7.046240308266771,-6.835647144215563,-6.580044251510242,-6.732828271596986,-7.009661145212399,-6.772113295386326,-6.87,0.19,1.99,1.72,2.0,1.93,2.12,2.91,2.14,0.38
55141.49998842592,-7.100179497572904,-7.046240308266771,-6.835647144215563,-6.580044251510242,-6.732828271596986,-7.009661145212399,-6.89,0.19,2.29,1.99,1.72,2.0,1.93,2.12,2.05,0.2
55148.49998842592,-6.896196279044043,-7.100179497572904,-7.046240308266771,-6.835647144215563,-6.580044251510242,-6.732828271596986,-6.84,0.19,2.27,2.29,1.99,1.72,2.0,1.93,2.13,0.33
55155.49998842592,-6.707743928643524,-6.896196279044043,-7.100179497572904,-7.046240308266771,-6.835647144215563,-6.580044251510242,-6.86,0.18,2.73,2.27,2.29,1.99,1.72,2.0,2.17,0.32
55162.49998842592,-6.853871964321762,-6.707743928643524,-6.896196279044043,-7.100179497572904,-7.046240308266771,-6.835647144215563,-6.9,0.13,2.17,2.73,2.27,2.29,1.99,1.72,2.23,0.32
55169.49998842592,-6.847711655616943,-6.853871964321762,-6.707743928643524,-6.896196279044043,-7.100179497572904,-7.046240308266771,-6.87,0.16,2.44,2.17,2.73,2.27,2.29,1.99,2.33,0.23
55176.49998842592,-6.661543506395395,-6.847711655616943,-6.853871964321762,-6.707743928643524,-6.896196279044043,-7.100179497572904,-6.84,0.14,2.43,2.44,2.17,2.73,2.27,2.29,2.35,0.21
55183.49998842592,-6.801342913045577,-6.661543506395395,-6.847711655616943,-6.853871964321762,-6.707743928643524,-6.896196279044043,-6.84,0.14,2.12,2.43,2.44,2.17,2.73,2.27,2.44,0.29
55190.49998842592,-7.083019952679618,-6.801342913045577,-6.661543506395395,-6.847711655616943,-6.853871964321762,-6.707743928643524,-6.88,0.19,2.92,2.12,2.43,2.44,2.17,2.73,2.46,0.29
55197.49998842592,-7.172630726946175,-7.083019952679618,-6.801342913045577,-6.661543506395395,-6.847711655616943,-6.853871964321762,-6.92,0.18,2.39,2.92,2.12,2.43,2.44,2.17,2.39,0.26
55204.49998842592,-7.00788851221305,-7.172630726946175,-7.083019952679618,-6.801342913045577,-6.661543506395395,-6.847711655616943,-6.92,0.18,2.29,2.39,2.92,2.12,2.43,2.44,2.46,0.26
55211.49998842592,-6.8996294548824375,-7.00788851221305,-7.172630726946175,-7.083019952679618,-6.801342913045577,-6.661543506395395,-6.94,0.17,2.63,2.29,2.39,2.92,2.12,2.43,2.41,0.29
55218.49998842592,-6.962573502059376,-6.8996294548824375,-7.00788851221305,-7.172630726946175,-7.083019952679618,-6.801342913045577,-6.99,0.12,2.11,2.63,2.29,2.39,2.92,2.12,2.38,0.3
55225.49998842592,-7.005243055412372,-6.962573502059376,-6.8996294548824375,-7.00788851221305,-7.172630726946175,-7.083019952679618,-7.02,0.09,2.18,2.11,2.63,2.29,2.39,2.92,2.41,0.28
55232.49998842592,-7.006563769502388,-7.005243055412372,-6.962573502059376,-6.8996294548824375,-7.00788851221305,-7.172630726946175,-7.02,0.09,2.34,2.18,2.11,2.63,2.29,2.39,2.27,0.22
55246.49998842592,-7.0835460514500745,-7.006563769502388,-7.005243055412372,-6.962573502059376,-6.8996294548824375,-7.00788851221305,-6.98,0.06,1.94,2.34,2.18,2.11,2.63,2.29,2.23,0.22
55253.49998842592,-6.924453038607469,-7.0835460514500745,-7.006563769502388,-7.005243055412372,-6.962573502059376,-6.8996294548824375,-6.96,0.08,2.15,1.94,2.34,2.18,2.11,2.63,2.24,0.22
55260.49998842592,-6.856985199745905,-6.924453038607469,-7.0835460514500745,-7.006563769502388,-7.005243055412372,-6.962573502059376,-6.96,0.08,2.33,2.15,1.94,2.34,2.18,2.11,2.19,0.14
55267.49998842592,-6.863279432843593,-6.856985199745905,-6.924453038607469,-7.0835460514500745,-7.006563769502388,-7.005243055412372,-6.91,0.14,2.27,2.33,2.15,1.94,2.34,2.18,2.17,0.16
55274.49998842592,-6.663540266151471,-6.863279432843593,-6.856985199745905,-6.924453038607469,-7.0835460514500745,-7.006563769502388,-6.89,0.14,1.97,2.27,2.33,2.15,1.94,2.34,2.23,0.23
55281.49998842592,-6.82102305270683,-6.663540266151471,-6.863279432843593,-6.856985199745905,-6.924453038607469,-7.0835460514500745,-6.85,0.13,2.58,1.97,2.27,2.33,2.15,1.94,2.22,0.22
55288.49998842592,-6.7423214251308154,-6.82102305270683,-6.663540266151471,-6.863279432843593,-6.856985199745905,-6.924453038607469,-6.77,0.14,2.32,2.58,1.97,2.27,2.33,2.15,2.27,0.19
55295.49998842592,-6.521433504406157,-6.7423214251308154,-6.82102305270683,-6.663540266151471,-6.863279432843593,-6.856985199745905,-6.71,0.16,2.24,2.32,2.58,1.97,2.27,2.33,2.3,0.18
55302.49998842592,-6.489454989793388,-6.521433504406157,-6.7423214251308154,-6.82102305270683,-6.663540266151471,-6.863279432843593,-6.66,0.15,2.39,2.24,2.32,2.58,1.97,2.27,2.26,0.2
55309.49998842592,-6.525783735923745,-6.489454989793388,-6.521433504406157,-6.7423214251308154,-6.82102305270683,-6.663540266151471,-6.6,0.15,2.05,2.39,2.24,2.32,2.58,1.97,2.24,0.21
55316.49998842592,-6.405607449624573,-6.525783735923745,-6.489454989793388,-6.521433504406157,-6.7423214251308154,-6.82102305270683,-6.58,0.15,2.11,2.05,2.39,2.24,2.32,2.58,2.32,0.21
55323.49998842592,-6.519993057042849,-6.405607449624573,-6.525783735923745,-6.489454989793388,-6.521433504406157,-6.7423214251308154,-6.57,0.14,2.58,2.11,2.05,2.39,2.24,2.32,2.31,0.19
55330.49998842592,-6.772113295386326,-6.519993057042849,-6.405607449624573,-6.525783735923745,-6.489454989793388,-6.521433504406157,-6.57,0.15,2.5,2.58,2.11,2.05,2.39,2.24,2.34,0.21
55337.49998842592,-6.787812395596042,-6.772113295386326,-6.519993057042849,-6.405607449624573,-6.525783735923745,-6.489454989793388,-6.6,0.15,2.54,2.5,2.58,2.11,2.05,2.39,2.38,0.22
55344.49998842592,-6.730487055782084,-6.787812395596042,-6.772113295386326,-6.519993057042849,-6.405607449624573,-6.525783735923745,-6.71,0.27,2.51,2.54,2.5,2.58,2.11,2.05,2.34,0.24
55351.49998842592,-7.228412519118745,-6.730487055782084,-6.787812395596042,-6.772113295386326,-6.519993057042849,-6.405607449624573,-6.76,0.26,2.1,2.51,2.54,2.5,2.58,2.11,2.41,0.21
55358.49998842592,-6.847711655616943,-7.228412519118745,-6.730487055782084,-6.787812395596042,-6.772113295386326,-6.519993057042849,-6.82,0.21,2.54,2.1,2.51,2.54,2.5,2.58,2.58,0.35
55365.49998842592,-6.841637507904751,-6.847711655616943,-7.228412519118745,-6.730487055782084,-6.787812395596042,-6.772113295386326,-6.83,0.19,3.29,2.54,2.1,2.51,2.54,2.5,2.63,0.38
55372.49998842592,-6.632644078973981,-6.841637507904751,-6.847711655616943,-7.228412519118745,-6.730487055782084,-6.787812395596042,-6.81,0.21,2.95,3.29,2.54,2.1,2.51,2.54,2.64,0.38
55379.49998842592,-6.581698708680254,-6.632644078973981,-6.841637507904751,-6.847711655616943,-7.228412519118745,-6.730487055782084,-6.81,0.21,2.54,2.95,3.29,2.54,2.1,2.51,2.62,0.39
55386.49998842592,-6.809668301829708,-6.581698708680254,-6.632644078973981,-6.841637507904751,-6.847711655616943,-7.228412519118745,-6.81,0.21,2.39,2.54,2.95,3.29,2.54,2.1,2.6,0.4
55393.49998842592,-6.716698771296451,-6.809668301829708,-6.581698708680254,-6.632644078973981,-6.841637507904751,-6.847711655616943,-6.72,0.11,2.37,2.39,2.54,2.95,3.29,2.54,2.68,0.33
55400.49998842592,-6.638272163982407,-6.716698771296451,-6.809668301829708,-6.581698708680254,-6.632644078973981,-6.841637507904751,-6.68,0.11,2.71,2.37,2.39,2.54,2.95,3.29,2.65,0.36
55407.49998842592,-6.536107011014093,-6.638272163982407,-6.716698771296451,-6.809668301829708,-6.581698708680254,-6.632644078973981,-6.63,0.1,2.31,2.71,2.37,2.39,2.54,2.95,2.54,0.22
55414.49998842592,-6.51427857351842,-6.536107011014093,-6.638272163982407,-6.716698771296451,-6.809668301829708,-6.581698708680254,-6.57,0.19,2.5,2.31,2.71,2.37,2.39,2.54,2.42,0.18
55421.49998842592,-6.209714835966758,-6.51427857351842,-6.536107011014093,-6.638272163982407,-6.716698771296451,-6.809668301829708,-6.52,0.24,2.14,2.5,2.31,2.71,2.37,2.39,2.36,0.21
55428.49998842592,-6.1944991418416,-6.209714835966758,-6.51427857351842,-6.536107011014093,-6.638272163982407,-6.716698771296451,-6.41,0.26,2.09,2.14,2.5,2.31,2.71,2.37,2.34,0.21
55435.49998842592,-6.0343280287798935,-6.1944991418416,-6.209714835966758,-6.51427857351842,-6.536107011014093,-6.638272163982407,-6.32,0.23,2.24,2.09,2.14,2.5,2.31,2.71,2.29,0.24
55442.49998842592,-6.137868620686963,-6.0343280287798935,-6.1944991418416,-6.209714835966758,-6.51427857351842,-6.536107011014093,-6.28,0.19,2.06,2.24,2.09,2.14,2.5,2.31,2.18,0.19
55449.49998842592,-6.366531544420414,-6.137868620686963,-6.0343280287798935,-6.1944991418416,-6.209714835966758,-6.51427857351842,-6.24,0.16,1.91,2.06,2.24,2.09,2.14,2.5,2.17,0.18
55456.49998842592,-6.2076083105017466,-6.366531544420414,-6.137868620686963,-6.0343280287798935,-6.1944991418416,-6.209714835966758,-6.2,0.1,2.23,1.91,2.06,2.24,2.09,2.14,2.12,0.11
55463.49998842592,-6.249491605148654,-6.2076083105017466,-6.366531544420414,-6.137868620686963,-6.0343280287798935,-6.1944991418416,-6.2,0.1,2.16,2.23,1.91,2.06,2.24,2.09,2.12,0.11
55470.49998842592,-6.1830961606243395,-6.249491605148654,-6.2076083105017466,-6.366531544420414,-6.137868620686963,-6.0343280287798935,-6.2,0.1,2.15,2.16,2.23,1.91,2.06,2.24,2.13,0.11
55477.49998842592,-6.208309350979882,-6.1830961606243395,-6.249491605148654,-6.2076083105017466,-6.366531544420414,-6.137868620686963,-6.22,0.07,2.14,2.15,2.16,2.23,1.91,2.06,2.13,0.11
55484.49998842592,-6.211831628858833,-6.208309350979882,-6.1830961606243395,-6.249491605148654,-6.2076083105017466,-6.366531544420414,-6.24,0.06,2.23,2.14,2.15,2.16,2.23,1.91,2.13,0.11
55491.49998842592,-6.278189384787454,-6.211831628858833,-6.208309350979882,-6.1830961606243395,-6.249491605148654,-6.2076083105017466,-6.22,0.03,2.07,2.23,2.14,2.15,2.16,2.23,2.17,0.06
55498.49998842592,-6.213958789757446,-6.278189384787454,-6.211831628858833,-6.208309350979882,-6.1830961606243395,-6.249491605148654,-6.2,0.07,2.23,2.07,2.23,2.14,2.15,2.16,2.18,0.06
55505.49998842592,-6.071092309756048,-6.213958789757446,-6.278189384787454,-6.211831628858833,-6.208309350979882,-6.1830961606243395,-6.19,0.06,2.25,2.23,2.07,2.23,2.14,2.15,2.19,0.07
55512.49998842592,-6.148130399270234,-6.071092309756048,-6.213958789757446,-6.278189384787454,-6.211831628858833,-6.208309350979882,-6.2,0.07,2.28,2.25,2.23,2.07,2.23,2.14,2.19,0.08
55519.49998842592,-6.242603971206976,-6.148130399270234,-6.071092309756048,-6.213958789757446,-6.278189384787454,-6.211831628858833,-6.17,0.1,2.1,2.28,2.25,2.23,2.07,2.23,2.21,0.09
55526.49998842592,-6.014124642691606,-6.242603971206976,-6.148130399270234,-6.071092309756048,-6.213958789757446,-6.278189384787454,-6.16,0.09,2.29,2.1,2.28,2.25,2.23,2.07,2.21,0.09
55533.49998842592,-6.126679398184601,-6.014124642691606,-6.242603971206976,-6.148130399270234,-6.071092309756048,-6.213958789757446,-6.15,0.09,2.24,2.29,2.1,2.28,2.25,2.23,2.22,0.07
55540.49998842592,-6.252588192113577,-6.126679398184601,-6.014124642691606,-6.242603971206976,-6.148130399270234,-6.071092309756048,-6.15,0.09,2.16,2.24,2.29,2.1,2.28,2.25,2.2,0.09
55547.49998842592,-6.2225731776106885,-6.252588192113577,-6.126679398184601,-6.014124642691606,-6.242603971206976,-6.148130399270234,-6.19,0.1,2.08,2.16,2.24,2.29,2.1,2.28,2.2,0.09
55554.49998842592,-6.328827157284917,-6.2225731776106885,-6.252588192113577,-6.126679398184601,-6.014124642691606,-6.242603971206976,-6.22,0.11,2.27,2.08,2.16,2.24,2.29,2.1,2.18,0.08
55561.49998842592,-6.319664486585437,-6.328827157284917,-6.2225731776106885,-6.252588192113577,-6.126679398184601,-6.014124642691606,-6.21,0.11,2.15,2.27,2.08,2.16,2.24,2.29,2.21,0.08
55568.49998842592,-6.219682687859849,-6.319664486585437,-6.328827157284917,-6.2225731776106885,-6.252588192113577,-6.126679398184601,-6.24,0.07,2.29,2.15,2.27,2.08,2.16,2.24,2.2,0.07
55575.49998842592,-6.223298816011589,-6.219682687859849,-6.319664486585437,-6.328827157284917,-6.2225731776106885,-6.252588192113577,-6.27,0.05,2.2,2.29,2.15,2.27,2.08,2.16,2.2,0.08
55582.49998842592,-6.296708621881338,-6.223298816011589,-6.219682687859849,-6.319664486585437,-6.328827157284917,-6.2225731776106885,-6.27,0.05,2.27,2.2,2.29,2.15,2.27,2.08,2.2,0.08
55589.49998842592,-6.308034897232639,-6.296708621881338,-6.223298816011589,-6.219682687859849,-6.319664486585437,-6.328827157284917,-6.29,0.05,2.15,2.27,2.2,2.29,2.15,2.27,2.21,0.07
55596.49998842592,-6.304518323509803,-6.308034897232639,-6.296708621881338,-6.223298816011589,-6.219682687859849,-6.319664486585437,-6.26,0.06,2.13,2.15,2.27,2.2,2.29,2.15,2.22,0.09
55603.49998842592,-6.179798540514359,-6.304518323509803,-6.308034897232639,-6.296708621881338,-6.223298816011589,-6.219682687859849,-6.25,0.05,2.38,2.13,2.15,2.27,2.2,2.29,2.26,0.11
55610.49998842592,-6.24184537803261,-6.179798540514359,-6.304518323509803,-6.308034897232639,-6.296708621881338,-6.223298816011589,-6.26,0.05,2.43,2.38,2.13,2.15,2.27,2.2,2.25,0.12
55617.49998842592,-6.296708621881338,-6.24184537803261,-6.179798540514359,-6.304518323509803,-6.308034897232639,-6.296708621881338,-6.31,0.12,2.16,2.43,2.38,2.13,2.15,2.27,2.27,0.13
55624.49998842592,-6.573488738635425,-6.296708621881338,-6.24184537803261,-6.179798540514359,-6.304518323509803,-6.308034897232639,-6.37,0.19,2.39,2.16,2.43,2.38,2.13,2.15,2.34,0.21
55631.49998842592,-6.686132779630847,-6.573488738635425,-6.296708621881338,-6.24184537803261,-6.179798540514359,-6.304518323509803,-6.41,0.2,2.72,2.39,2.16,2.43,2.38,2.13,2.33,0.22
55638.49998842592,-6.5638373529592435,-6.686132779630847,-6.573488738635425,-6.296708621881338,-6.24184537803261,-6.179798540514359,-6.45,0.21,2.09,2.72,2.39,2.16,2.43,2.38,2.33,0.22
55645.49998842592,-6.636388020107856,-6.5638373529592435,-6.686132779630847,-6.573488738635425,-6.296708621881338,-6.24184537803261,-6.53,0.19,2.16,2.09,2.72,2.39,2.16,2.43,2.31,0.22
55652.49998842592,-6.723538195826756,-6.636388020107856,-6.5638373529592435,-6.686132779630847,-6.573488738635425,-6.296708621881338,-6.56,0.15,2.23,2.16,2.09,2.72,2.39,2.16,2.3,0.22
55659.49998842592,-6.462180904926726,-6.723538195826756,-6.636388020107856,-6.5638373529592435,-6.686132779630847,-6.573488738635425,-6.62,0.1,2.37,2.23,2.16,2.09,2.72,2.39,2.3,0.22
55666.49998842592,-6.716698771296451,-6.462180904926726,-6.723538195826756,-6.636388020107856,-6.5638373529592435,-6.686132779630847,-6.62,0.1,2.14,2.37,2.23,2.16,2.09,2.72,2.29,0.21
55673.49998842592,-6.570247719997592,-6.716698771296451,-6.462180904926726,-6.723538195826756,-6.636388020107856,-6.5638373529592435,-6.61,0.09,2.29,2.14,2.37,2.23,2.16,2.09,2.22,0.1
55680.49998842592,-6.621602099051862,-6.570247719997592,-6.716698771296451,-6.462180904926726,-6.723538195826756,-6.636388020107856,-6.63,0.09,2.28,2.29,2.14,2.37,2.23,2.16,2.27,0.1
55687.49998842592,-6.707743928643524,-6.621602099051862,-6.570247719997592,-6.716698771296451,-6.462180904926726,-6.723538195826756,-6.66,0.12,2.42,2.28,2.29,2.14,2.37,2.23,2.24,0.15
55694.49998842592,-6.812479279163537,-6.707743928643524,-6.621602099051862,-6.570247719997592,-6.716698771296451,-6.462180904926726,-6.66,0.11,1.97,2.42,2.28,2.29,2.14,2.37,2.27,0.16
55701.49998842592,-6.694648630553377,-6.812479279163537,-6.707743928643524,-6.621602099051862,-6.570247719997592,-6.716698771296451,-6.66,0.1,2.39,1.97,2.42,2.28,2.29,2.14,2.28,0.18
55708.49998842592,-6.504455662453552,-6.694648630553377,-6.812479279163537,-6.707743928643524,-6.621602099051862,-6.570247719997592,-6.68,0.13,2.49,2.39,1.97,2.42,2.28,2.29,2.3,0.17
55715.49998842592,-6.872895201635193,-6.504455662453552,-6.694648630553377,-6.812479279163537,-6.707743928643524,-6.621602099051862,-6.69,0.12,2.27,2.49,2.39,1.97,2.42,2.28,2.33,0.18
55722.49998842592,-6.627087997029894,-6.872895201635193,-6.504455662453552,-6.694648630553377,-6.812479279163537,-6.707743928643524,-6.7,0.12,2.48,2.27,2.49,2.39,1.97,2.42,2.3,0.2
55729.49998842592,-6.657577319177793,-6.627087997029894,-6.872895201635193,-6.504455662453552,-6.694648630553377,-6.812479279163537,-6.65,0.17,2.11,2.48,2.27,2.49,2.39,1.97,2.25,0.21
55736.49998842592,-6.372634143407267,-6.657577319177793,-6.627087997029894,-6.872895201635193,-6.504455662453552,-6.694648630553377,-6.6,0.17,2.06,2.11,2.48,2.27,2.49,2.39,2.27,0.19
55743.49998842592,-6.446116973356125,-6.372634143407267,-6.657577319177793,-6.627087997029894,-6.872895201635193,-6.504455662453552,-6.56,0.17,2.08,2.06,2.11,2.48,2.27,2.49,2.31,0.24
55750.49998842592,-6.4723700991286615,-6.446116973356125,-6.372634143407267,-6.657577319177793,-6.627087997029894,-6.872895201635193,-6.58,0.17,2.66,2.08,2.06,2.11,2.48,2.27,2.3,0.24
55757.49998842592,-6.5968794788241825,-6.4723700991286615,-6.446116973356125,-6.372634143407267,-6.657577319177793,-6.627087997029894,-6.54,0.11,2.47,2.66,2.08,2.06,2.11,2.48,2.3,0.24
55764.49998842592,-6.61261017366127,-6.5968794788241825,-6.4723700991286615,-6.446116973356125,-6.372634143407267,-6.657577319177793,-6.56,0.14,2.27,2.47,2.66,2.08,2.06,2.11,2.25,0.23
55771.49998842592,-6.795880017344075,-6.61261017366127,-6.5968794788241825,-6.4723700991286615,-6.446116973356125,-6.372634143407267,-6.56,0.14,2.12,2.27,2.47,2.66,2.08,2.06,2.27,0.22
55778.49998842592,-6.603800652904264,-6.795880017344075,-6.61261017366127,-6.5968794788241825,-6.4723700991286615,-6.446116973356125,-6.61,0.13,2.26,2.12,2.27,2.47,2.66,2.08,2.27,0.23
55785.49998842592,-6.769551078621726,-6.603800652904264,-6.795880017344075,-6.61261017366127,-6.5968794788241825,-6.4723700991286615,-6.62,0.13,2.02,2.26,2.12,2.27,2.47,2.66,2.32,0.22
55792.49998842592,-6.476253533188435,-6.769551078621726,-6.603800652904264,-6.795880017344075,-6.61261017366127,-6.5968794788241825,-6.61,0.13,2.41,2.02,2.26,2.12,2.27,2.47,2.24,0.16
55799.49998842592,-6.437707135543525,-6.476253533188435,-6.769551078621726,-6.603800652904264,-6.795880017344075,-6.61261017366127,-6.6,0.14,2.13,2.41,2.02,2.26,2.12,2.27,2.21,0.13
55806.49998842592,-6.52432881167557,-6.437707135543525,-6.476253533188435,-6.769551078621726,-6.603800652904264,-6.795880017344075,-6.57,0.16,2.25,2.13,2.41,2.02,2.26,2.12,2.21,0.13
55813.49998842592,-6.393618634889395,-6.52432881167557,-6.437707135543525,-6.476253533188435,-6.769551078621726,-6.603800652904264,-6.5,0.15,2.31,2.25,2.13,2.41,2.02,2.26,2.22,0.13
55820.49998842592,-6.319664486585437,-6.393618634889395,-6.52432881167557,-6.437707135543525,-6.476253533188435,-6.769551078621726,-6.48,0.14,2.15,2.31,2.25,2.13,2.41,2.02,2.21,0.13
55827.49998842592,-6.446116973356125,-6.319664486585437,-6.393618634889395,-6.52432881167557,-6.437707135543525,-6.476253533188435,-6.45,0.07,2.22,2.15,2.31,2.25,2.13,2.41,2.26,0.1
55834.49998842592,-6.52432881167557,-6.446116973356125,-6.319664486585437,-6.393618634889395,-6.52432881167557,-6.437707135543525,-6.45,0.07,2.32,2.22,2.15,2.31,2.25,2.13,2.24,0.08
55841.49998842592,-6.476253533188435,-6.52432881167557,-6.446116973356125,-6.319664486585437,-6.393618634889395,-6.52432881167557,-6.46,0.08,2.33,2.32,2.22,2.15,2.31,2.25,2.25,0.08
55848.49998842592,-6.534617148551582,-6.476253533188435,-6.52432881167557,-6.446116973356125,-6.319664486585437,-6.393618634889395,-6.47,0.1,2.15,2.33,2.32,2.22,2.15,2.31,2.19,0.16
55855.49998842592,-6.619788758288394,-6.534617148551582,-6.476253533188435,-6.52432881167557,-6.446116973356125,-6.319664486585437,-6.5,0.1,1.88,2.15,2.33,2.32,2.22,2.15,2.17,0.15
55862.49998842592,-6.600326278518962,-6.619788758288394,-6.534617148551582,-6.476253533188435,-6.52432881167557,-6.446116973356125,-6.55,0.07,2.12,1.88,2.15,2.33,2.32,2.22,2.2,0.17
55869.49998842592,-6.627087997029894,-6.600326278518962,-6.619788758288394,-6.534617148551582,-6.476253533188435,-6.52432881167557,-6.54,0.08,2.4,2.12,1.88,2.15,2.33,2.32,2.19,0.18
55876.49998842592,-6.422508200162775,-6.627087997029894,-6.600326278518962,-6.619788758288394,-6.534617148551582,-6.476253533188435,-6.54,0.08,2.13,2.4,2.12,1.88,2.15,2.33,2.14,0.18
55883.49998842592,-6.5301779840218375,-6.422508200162775,-6.627087997029894,-6.600326278518962,-6.619788758288394,-6.534617148551582,-6.52,0.11,1.97,2.13,2.4,2.12,1.88,2.15,2.11,0.16
55890.49998842592,-6.319664486585437,-6.5301779840218375,-6.422508200162775,-6.627087997029894,-6.600326278518962,-6.619788758288394,-6.51,0.12,2.1,1.97,2.13,2.4,2.12,1.88,2.16,0.23
55897.49998842592,-6.438898616350944,-6.319664486585437,-6.5301779840218375,-6.422508200162775,-6.627087997029894,-6.600326278518962,-6.5,0.11,2.52,2.1,1.97,2.13,2.4,2.12,2.2,0.19
55904.49998842592,-6.562249437179612,-6.438898616350944,-6.319664486585437,-6.5301779840218375,-6.422508200162775,-6.627087997029894,-6.48,0.1,2.13,2.52,2.1,1.97,2.13,2.4,2.2,0.19
55911.49998842592,-6.458420756053419,-6.562249437179612,-6.438898616350944,-6.319664486585437,-6.5301779840218375,-6.422508200162775,-6.45,0.08,2.14,2.13,2.52,2.1,1.97,2.13,2.21,0.2
55918.49998842592,-6.388276691992658,-6.458420756053419,-6.562249437179612,-6.438898616350944,-6.319664486585437,-6.5301779840218375,-6.47,0.09,2.47,2.14,2.13,2.52,2.1,1.97,2.22,0.2
55925.49998842592,-6.570247719997592,-6.388276691992658,-6.458420756053419,-6.562249437179612,-6.438898616350944,-6.319664486585437,-6.49,0.12,2.19,2.47,2.14,2.13,2.52,2.1,2.23,0.19
55932.49998842592,-6.6777807052660805,-6.570247719997592,-6.388276691992658,-6.458420756053419,-6.562249437179612,-6.438898616350944,-6.51,0.1,2.06,2.19,2.47,2.14,2.13,2.52,2.24,0.18
55939.49998842592,-6.458420756053419,-6.6777807052660805,-6.570247719997592,-6.388276691992658,-6.458420756053419,-6.562249437179612,-6.57,0.17,2.16,2.06,2.19,2.47,2.14,2.13,2.23,0.16
55946.49998842592,-6.903089986991944,-6.458420756053419,-6.6777807052660805,-6.570247719997592,-6.388276691992658,-6.458420756053419,-6.59,0.18,2.44,2.16,2.06,2.19,2.47,2.14,2.26,0.16
55953.49998842592,-6.705533773838407,-6.903089986991944,-6.458420756053419,-6.6777807052660805,-6.570247719997592,-6.388276691992658,-6.6,0.18,2.36,2.44,2.16,2.06,2.19,2.47,2.27,0.15
55960.49998842592,-6.47755576649368,-6.705533773838407,-6.903089986991944,-6.458420756053419,-6.6777807052660805,-6.570247719997592,-6.61,0.16,2.24,2.36,2.44,2.16,2.06,2.19,2.26,0.14
55967.49998842592,-6.468521082957745,-6.47755576649368,-6.705533773838407,-6.903089986991944,-6.458420756053419,-6.6777807052660805,-6.66,0.2,2.37,2.24,2.36,2.44,2.16,2.06,2.24,0.16
55974.49998842592,-6.913640169325252,-6.468521082957745,-6.47755576649368,-6.705533773838407,-6.903089986991944,-6.458420756053419,-6.66,0.2,2.03,2.37,2.24,2.36,2.44,2.16,2.27,0.14
55981.49998842592,-6.671620396561262,-6.913640169325252,-6.468521082957745,-6.47755576649368,-6.705533773838407,-6.903089986991944,-6.69,0.18,2.28,2.03,2.37,2.24,2.36,2.44,2.28,0.13
55988.49998842592,-6.705533773838407,-6.671620396561262,-6.913640169325252,-6.468521082957745,-6.47755576649368,-6.705533773838407,-6.65,0.15,2.24,2.28,2.03,2.37,2.24,2.36,2.26,0.11
55995.49998842592,-6.614393726401688,-6.705533773838407,-6.671620396561262,-6.913640169325252,-6.468521082957745,-6.47755576649368,-6.65,0.15,2.27,2.24,2.28,2.03,2.37,2.24,2.27,0.13
56002.49998842592,-6.721246399047171,-6.614393726401688,-6.705533773838407,-6.671620396561262,-6.913640169325252,-6.468521082957745,-6.71,0.15,2.43,2.27,2.24,2.28,2.03,2.37,2.32,0.18
56009.49998842592,-6.847711655616943,-6.721246399047171,-6.614393726401688,-6.705533773838407,-6.671620396561262,-6.913640169325252,-6.75,0.1,2.61,2.43,2.27,2.24,2.28,2.03,2.31,0.18
56016.49998842592,-6.772113295386326,-6.847711655616943,-6.721246399047171,-6.614393726401688,-6.705533773838407,-6.671620396561262,-6.74,0.08,2.34,2.61,2.43,2.27,2.24,2.28,2.38,0.13
56023.49998842592,-6.818156412055227,-6.772113295386326,-6.847711655616943,-6.721246399047171,-6.614393726401688,-6.705533773838407,-6.72,0.11,2.46,2.34,2.61,2.43,2.27,2.24,2.37,0.13
56030.49998842592,-6.534617148551582,-6.818156412055227,-6.772113295386326,-6.847711655616943,-6.721246399047171,-6.614393726401688,-6.7,0.13,2.26,2.46,2.34,2.61,2.43,2.27,2.36,0.15
56037.49998842592,-6.565431095965801,-6.534617148551582,-6.818156412055227,-6.772113295386326,-6.847711655616943,-6.721246399047171,-6.68,0.14,2.16,2.26,2.46,2.34,2.61,2.43,2.32,0.22
56044.49998842592,-6.504455662453552,-6.565431095965801,-6.534617148551582,-6.818156412055227,-6.772113295386326,-6.847711655616943,-6.64,0.17,1.95,2.16,2.26,2.46,2.34,2.61,2.27,0.22
56051.49998842592,-6.424812155072339,-6.504455662453552,-6.565431095965801,-6.534617148551582,-6.818156412055227,-6.772113295386326,-6.61,0.15,2.12,1.95,2.16,2.26,2.46,2.34,2.15,0.23
56058.49998842592,-6.671620396561262,-6.424812155072339,-6.504455662453552,-6.565431095965801,-6.534617148551582,-6.818156412055227,-6.55,0.16,1.78,2.12,1.95,2.16,2.26,2.46,2.1,0.22
56065.49998842592,-6.342944147142896,-6.671620396561262,-6.424812155072339,-6.504455662453552,-6.565431095965801,-6.534617148551582,-6.49,0.11,1.98,1.78,2.12,1.95,2.16,2.26,2.04,0.16
56072.49998842592,-6.39040559077478,-6.342944147142896,-6.671620396561262,-6.424812155072339,-6.504455662453552,-6.565431095965801,-6.49,0.11,2.05,1.98,1.78,2.12,1.95,2.16,2.06,0.18
56079.49998842592,-6.5301779840218375,-6.39040559077478,-6.342944147142896,-6.671620396561262,-6.424812155072339,-6.504455662453552,-6.54,0.21,2.36,2.05,1.98,1.78,2.12,1.95,2.11,0.26
56086.49998842592,-6.94692155651658,-6.5301779840218375,-6.39040559077478,-6.342944147142896,-6.671620396561262,-6.424812155072339,-6.63,0.29,2.54,2.36,2.05,1.98,1.78,2.12,2.19,0.28
56093.49998842592,-7.105130343254747,-6.94692155651658,-6.5301779840218375,-6.39040559077478,-6.342944147142896,-6.671620396561262,-6.65,0.28,2.47,2.54,2.36,2.05,1.98,1.78,2.21,0.28
56100.49998842592,-6.573488738635425,-7.105130343254747,-6.94692155651658,-6.5301779840218375,-6.39040559077478,-6.342944147142896,-6.63,0.29,2.27,2.47,2.54,2.36,2.05,1.98,2.28,0.21
56107.49998842592,-6.492144128304169,-6.573488738635425,-7.105130343254747,-6.94692155651658,-6.5301779840218375,-6.39040559077478,-6.57,0.38,2.27,2.27,2.47,2.54,2.36,2.05,2.25,0.25
56114.499976851854,-5.94692155651658,-6.492144128304169,-6.573488738635425,-7.105130343254747,-6.94692155651658,-6.5301779840218375,-6.54,0.4,1.81,2.27,2.27,2.47,2.54,2.36,2.26,0.25
56121.499976851854,-6.198596289982645,-5.94692155651658,-6.492144128304169,-6.573488738635425,-7.105130343254747,-6.94692155651658,-6.53,0.4,2.08,1.81,2.27,2.27,2.47,2.54,2.25,0.25
56128.499976851854,-6.4179366370882915,-6.198596289982645,-5.94692155651658,-6.492144128304169,-6.573488738635425,-7.105130343254747,-6.44,0.36,2.32,2.08,1.81,2.27,2.27,2.47,2.2,0.21
56135.499976851854,-6.347753658996677,-6.4179366370882915,-6.198596289982645,-5.94692155651658,-6.492144128304169,-6.573488738635425,-6.34,0.21,2.19,2.32,2.08,1.81,2.27,2.27,2.17,0.17
56142.499976851854,-6.414539270491499,-6.347753658996677,-6.4179366370882915,-6.198596289982645,-5.94692155651658,-6.492144128304169,-6.31,0.18,2.22,2.19,2.32,2.08,1.81,2.27,2.15,0.17
56149.499976851854,-6.370590400897281,-6.414539270491499,-6.347753658996677,-6.4179366370882915,-6.198596289982645,-5.94692155651658,-6.32,0.19,2.14,2.22,2.19,2.32,2.08,1.81,2.15,0.18
56156.499976851854,-6.528708288941061,-6.370590400897281,-6.414539270491499,-6.347753658996677,-6.4179366370882915,-6.198596289982645,-6.38,0.1,2.32,2.14,2.22,2.19,2.32,2.08,2.23,0.1
56163.499976851854,-6.388276691992658,-6.528708288941061,-6.370590400897281,-6.414539270491499,-6.347753658996677,-6.4179366370882915,-6.42,0.06,2.35,2.32,2.14,2.22,2.19,2.32,2.23,0.1
56170.499976851854,-6.440093374963888,-6.388276691992658,-6.528708288941061,-6.370590400897281,-6.414539270491499,-6.347753658996677,-6.41,0.06,2.1,2.35,2.32,2.14,2.22,2.19,2.21,0.09
56177.499976851854,-6.375717904164332,-6.440093374963888,-6.388276691992658,-6.528708288941061,-6.370590400897281,-6.414539270491499,-6.41,0.06,2.18,2.1,2.35,2.32,2.14,2.22,2.23,0.09
56184.499976851854,-6.366531544420414,-6.375717904164332,-6.440093374963888,-6.388276691992658,-6.528708288941061,-6.370590400897281,-6.43,0.08,2.27,2.18,2.1,2.35,2.32,2.14,2.22,0.09
56191.499976851854,-6.54515513999149,-6.366531544420414,-6.375717904164332,-6.440093374963888,-6.388276691992658,-6.528708288941061,-6.46,0.09,2.18,2.27,2.18,2.1,2.35,2.32,2.21,0.11
56198.499976851854,-6.5934598195660445,-6.54515513999149,-6.366531544420414,-6.375717904164332,-6.440093374963888,-6.388276691992658,-6.48,0.11,2.07,2.18,2.27,2.18,2.1,2.35,2.14,0.16
56205.499976851854,-6.616184634019569,-6.5934598195660445,-6.54515513999149,-6.366531544420414,-6.375717904164332,-6.440093374963888,-6.46,0.13,1.84,2.07,2.18,2.27,2.18,2.1,2.16,0.19
56212.499976851854,-6.284832642151542,-6.616184634019569,-6.5934598195660445,-6.54515513999149,-6.366531544420414,-6.375717904164332,-6.47,0.13,2.47,1.84,2.07,2.18,2.27,2.18,2.18,0.19
56219.499976851854,-6.5003129173815966,-6.284832642151542,-6.616184634019569,-6.5934598195660445,-6.54515513999149,-6.366531544420414,-6.49,0.12,2.23,2.47,1.84,2.07,2.18,2.27,2.18,0.19
56226.499976851854,-6.510041520575165,-6.5003129173815966,-6.284832642151542,-6.616184634019569,-6.5934598195660445,-6.54515513999149,-6.49,0.12,2.22,2.23,2.47,1.84,2.07,2.18,2.14,0.21
56233.499976851854,-6.402304814074488,-6.510041520575165,-6.5003129173815966,-6.284832642151542,-6.616184634019569,-6.5934598195660445,-6.52,0.15,1.96,2.22,2.23,2.47,1.84,2.07,2.08,0.25
56240.499976851854,-6.7423214251308154,-6.402304814074488,-6.510041520575165,-6.5003129173815966,-6.284832642151542,-6.616184634019569,-6.53,0.15,1.76,1.96,2.22,2.23,2.47,1.84,2.14,0.3
56247.499976851854,-6.621602099051862,-6.7423214251308154,-6.402304814074488,-6.510041520575165,-6.5003129173815966,-6.284832642151542,-6.54,0.17,2.51,1.76,1.96,2.22,2.23,2.47,2.23,0.28
56254.499976851854,-6.714442690992226,-6.621602099051862,-6.7423214251308154,-6.402304814074488,-6.510041520575165,-6.5003129173815966,-6.62,0.16,2.45,2.51,1.76,1.96,2.22,2.23,2.16,0.27
56261.499976851854,-6.860120913598763,-6.714442690992226,-6.621602099051862,-6.7423214251308154,-6.402304814074488,-6.510041520575165,-6.67,0.17,2.02,2.45,2.51,1.76,1.96,2.22,2.14,0.27
56268.499976851854,-6.826813731587726,-6.860120913598763,-6.714442690992226,-6.621602099051862,-6.7423214251308154,-6.402304814074488,-6.73,0.18,2.08,2.02,2.45,2.51,1.76,1.96,2.15,0.27
56275.499976851854,-6.958607314841775,-6.826813731587726,-6.860120913598763,-6.714442690992226,-6.621602099051862,-6.7423214251308154,-6.83,0.16,2.24,2.08,2.02,2.45,2.51,1.76,2.17,0.26
56282.499976851854,-7.100179497572904,-6.958607314841775,-6.826813731587726,-6.860120913598763,-6.714442690992226,-6.621602099051862,-6.88,0.18,2.14,2.24,2.08,2.02,2.45,2.51,2.2,0.21
56289.499976851854,-7.096367483915762,-7.100179497572904,-6.958607314841775,-6.826813731587726,-6.860120913598763,-6.714442690992226,-6.97,0.18,1.96,2.14,2.24,2.08,2.02,2.45,2.09,0.23
56296.499976851854,-7.229147988357856,-7.096367483915762,-7.100179497572904,-6.958607314841775,-6.826813731587726,-6.860120913598763,-7.01,0.14,1.72,1.96,2.14,2.24,2.08,2.02,2.09,0.23
56303.499976851854,-6.991399828238082,-7.229147988357856,-7.096367483915762,-7.100179497572904,-6.958607314841775,-6.826813731587726,-7.01,0.14,2.45,1.72,1.96,2.14,2.24,2.08,2.18,0.31
56310.499976851854,-6.886056647693163,-6.991399828238082,-7.229147988357856,-7.096367483915762,-7.100179497572904,-6.958607314841775,-7.08,0.15,2.64,2.45,1.72,1.96,2.14,2.24,2.16,0.31
56317.499976851854,-7.289036881004725,-6.886056647693163,-6.991399828238082,-7.229147988357856,-7.096367483915762,-7.100179497572904,-7.05,0.18,1.97,2.64,2.45,1.72,1.96,2.14,2.36,0.65
56331.499976851854,-6.782516055786093,-7.289036881004725,-6.886056647693163,-6.991399828238082,-7.229147988357856,-7.096367483915762,-7.04,0.18,3.66,1.97,2.64,2.45,1.72,1.96,2.32,0.67
56338.499976851854,-7.0195421077238995,-6.782516055786093,-7.289036881004725,-6.886056647693163,-6.991399828238082,-7.229147988357856,-7.04,0.18,1.87,3.66,1.97,2.64,2.45,1.72,2.28,0.71
56345.499976851854,-7.074172425375258,-7.0195421077238995,-6.782516055786093,-7.289036881004725,-6.886056647693163,-6.991399828238082,-7.01,0.16,1.65,1.87,3.66,1.97,2.64,2.45,2.36,0.67
56401.499976851854,-7.015472686656207,-7.074172425375258,-7.0195421077238995,-6.782516055786093,-7.289036881004725,-6.886056647693163,-7.04,0.18,2.27,1.65,1.87,3.66,1.97,2.64,2.28,0.69
56408.499976851854,-7.2168113089247425,-7.015472686656207,-7.074172425375258,-7.0195421077238995,-6.782516055786093,-7.289036881004725,-7.05,0.16,1.91,2.27,1.65,1.87,3.66,1.97,2.12,0.72
56415.499976851854,-6.987162775294828,-7.2168113089247425,-7.015472686656207,-7.074172425375258,-7.0195421077238995,-6.782516055786093,-7.0,0.13,1.53,1.91,2.27,1.65,1.87,3.66,2.09,0.73
56422.499976851854,-6.913640169325252,-6.987162775294828,-7.2168113089247425,-7.015472686656207,-7.074172425375258,-7.0195421077238995,-6.96,0.22,1.71,1.53,1.91,2.27,1.65,1.87,1.88,0.28
56429.499976851854,-6.505845405981558,-6.913640169325252,-6.987162775294828,-7.2168113089247425,-7.015472686656207,-7.074172425375258,-6.9,0.26,2.22,1.71,1.53,1.91,2.27,1.65,1.92,0.3
56436.499976851854,-6.573488738635425,-6.505845405981558,-6.913640169325252,-6.987162775294828,-7.2168113089247425,-7.015472686656207,-6.84,0.27,2.13,2.22,1.71,1.53,1.91,2.27,2.02,0.31
56443.499976851854,-6.638272163982407,-6.573488738635425,-6.505845405981558,-6.913640169325252,-6.987162775294828,-7.2168113089247425,-6.78,0.26,2.34,2.13,2.22,1.71,1.53,1.91,2.01,0.3
56450.499976851854,-6.653647025549361,-6.638272163982407,-6.573488738635425,-6.505845405981558,-6.913640169325252,-6.987162775294828,-6.72,0.18,2.2,2.34,2.13,2.22,1.71,1.53,2.01,0.3
56457.499976851854,-6.798602875679548,-6.653647025549361,-6.638272163982407,-6.573488738635425,-6.505845405981558,-6.913640169325252,-6.7,0.15,1.91,2.2,2.34,2.13,2.22,1.71,2.1,0.22
56464.499976851854,-6.8326826652518236,-6.798602875679548,-6.653647025549361,-6.638272163982407,-6.573488738635425,-6.505845405981558,-6.68,0.12,2.2,1.91,2.2,2.34,2.13,2.22,2.2,0.16
56471.499976851854,-6.767003889607846,-6.8326826652518236,-6.798602875679548,-6.653647025549361,-6.638272163982407,-6.573488738635425,-6.7,0.1,2.39,2.2,1.91,2.2,2.34,2.13,2.19,0.16
56478.499976851854,-6.609064892896621,-6.767003889607846,-6.8326826652518236,-6.798602875679548,-6.653647025549361,-6.638272163982407,-6.71,0.09,2.17,2.39,2.2,1.91,2.2,2.34,2.19,0.16
56485.499976851854,-6.675717544702307,-6.609064892896621,-6.767003889607846,-6.8326826652518236,-6.798602875679548,-6.653647025549361,-6.7,0.1,2.09,2.17,2.39,2.2,1.91,2.2,2.18,0.16
56492.499976851854,-6.590066876668706,-6.675717544702307,-6.609064892896621,-6.767003889607846,-6.8326826652518236,-6.798602875679548,-6.72,0.1,2.33,2.09,2.17,2.39,2.2,1.91,2.26,0.26
56499.499976851854,-6.772113295386326,-6.590066876668706,-6.675717544702307,-6.609064892896621,-6.767003889607846,-6.8326826652518236,-6.77,0.18,2.73,2.33,2.09,2.17,2.39,2.2,2.29,0.22
56506.499976851854,-7.11975822410452,-6.772113295386326,-6.590066876668706,-6.675717544702307,-6.609064892896621,-6.767003889607846,-6.74,0.18,2.12,2.73,2.33,2.09,2.17,2.39,2.28,0.23
56513.499976851854,-6.675717544702307,-7.11975822410452,-6.772113295386326,-6.590066876668706,-6.675717544702307,-6.609064892896621,-6.72,0.19,2.13,2.12,2.73,2.33,2.09,2.17,2.24,0.23
56520.499976851854,-6.6020599913279625,-6.675717544702307,-7.11975822410452,-6.772113295386326,-6.590066876668706,-6.675717544702307,-6.74,0.18,2.14,2.13,2.12,2.73,2.33,2.09,2.22,0.24
56527.499976851854,-6.718966632752273,-6.6020599913279625,-6.675717544702307,-7.11975822410452,-6.772113295386326,-6.590066876668706,-6.69,0.23,2.01,2.14,2.13,2.12,2.73,2.33,2.24,0.24
56534.499976851854,-6.345823458122039,-6.718966632752273,-6.6020599913279625,-6.675717544702307,-7.11975822410452,-6.772113295386326,-6.65,0.27,2.2,2.01,2.14,2.13,2.12,2.73,2.2,0.24
56541.499976851854,-6.333482019445119,-6.345823458122039,-6.718966632752273,-6.6020599913279625,-6.675717544702307,-7.11975822410452,-6.59,0.28,2.1,2.2,2.01,2.14,2.13,2.12,2.1,0.07
56548.499976851854,-6.355561410532162,-6.333482019445119,-6.345823458122039,-6.718966632752273,-6.6020599913279625,-6.675717544702307,-6.48,0.18,2.0,2.1,2.2,2.01,2.14,2.13,2.09,0.08
56555.499976851854,-6.305394801066432,-6.355561410532162,-6.333482019445119,-6.345823458122039,-6.718966632752273,-6.6020599913279625,-6.44,0.16,2.03,2.0,2.1,2.2,2.01,2.14,2.09,0.08
56562.499976851854,-6.449771646944906,-6.305394801066432,-6.355561410532162,-6.333482019445119,-6.345823458122039,-6.718966632752273,-6.39,0.16,2.14,2.03,2.0,2.1,2.2,2.01,2.06,0.09
56569.499976851854,-6.215382707367125,-6.449771646944906,-6.305394801066432,-6.355561410532162,-6.333482019445119,-6.345823458122039,-6.27,0.18,1.96,2.14,2.03,2.0,2.1,2.2,2.05,0.11
56576.499976851854,-5.886056647693163,-6.215382707367125,-6.449771646944906,-6.305394801066432,-6.355561410532162,-6.333482019445119,-6.23,0.19,1.9,1.96,2.14,2.03,2.0,2.1,2.04,0.1
56583.499976851854,-6.0851281824599495,-5.886056647693163,-6.215382707367125,-6.449771646944906,-6.305394801066432,-6.355561410532162,-6.27,0.23,2.17,1.9,1.96,2.14,2.03,2.0,2.09,0.17
56590.499976851854,-6.5934598195660445,-6.0851281824599495,-5.886056647693163,-6.215382707367125,-6.449771646944906,-6.305394801066432,-6.26,0.23,2.42,2.17,1.9,1.96,2.14,2.03,2.1,0.17
56597.499976851854,-6.2604276555499085,-6.5934598195660445,-6.0851281824599495,-5.886056647693163,-6.215382707367125,-6.449771646944906,-6.22,0.24,2.08,2.42,2.17,1.9,1.96,2.14,2.12,0.17
56604.499976851854,-6.0400051616715835,-6.2604276555499085,-6.5934598195660445,-6.0851281824599495,-5.886056647693163,-6.215382707367125,-6.16,0.23,2.14,2.08,2.42,2.17,1.9,1.96,2.11,0.17
56611.499976851854,-6.050609993355088,-6.0400051616715835,-6.2604276555499085,-6.5934598195660445,-6.0851281824599495,-5.886056647693163,-6.14,0.23,2.1,2.14,2.08,2.42,2.17,1.9,2.13,0.15
56618.499976851854,-6.049635145623877,-6.050609993355088,-6.0400051616715835,-6.2604276555499085,-6.5934598195660445,-6.0851281824599495,-6.16,0.21,2.11,2.1,2.14,2.08,2.42,2.17,2.19,0.12
56625.499976851854,-6.039053804266168,-6.049635145623877,-6.050609993355088,-6.0400051616715835,-6.2604276555499085,-6.5934598195660445,-6.19,0.21,2.28,2.11,2.1,2.14,2.08,2.42,2.18,0.12
56632.499976851854,-6.318758762624412,-6.039053804266168,-6.049635145623877,-6.050609993355088,-6.0400051616715835,-6.2604276555499085,-6.1,0.13,2.15,2.28,2.11,2.1,2.14,2.08,2.13,0.07
56639.499976851854,-5.94692155651658,-6.318758762624412,-6.039053804266168,-6.049635145623877,-6.050609993355088,-6.0400051616715835,-6.04,0.14,2.07,2.15,2.28,2.11,2.1,2.14,2.12,0.08
56646.499976851854,-5.844663962534939,-5.94692155651658,-6.318758762624412,-6.039053804266168,-6.049635145623877,-6.050609993355088,-6.0,0.18,2.02,2.07,2.15,2.28,2.11,2.1,2.11,0.08
56653.499976851854,-5.767003889607846,-5.844663962534939,-5.94692155651658,-6.318758762624412,-6.039053804266168,-6.049635145623877,-6.0,0.18,2.06,2.02,2.07,2.15,2.28,2.11,2.13,0.09
56660.499976851854,-6.001304841688344,-5.767003889607846,-5.844663962534939,-5.94692155651658,-6.318758762624412,-6.039053804266168,-6.01,0.18,2.22,2.06,2.02,2.07,2.15,2.28,2.13,0.09
56667.499976851854,-6.142667503568732,-6.001304841688344,-5.767003889607846,-5.844663962534939,-5.94692155651658,-6.318758762624412,-6.02,0.19,2.13,2.22,2.06,2.02,2.07,2.15,2.13,0.09
56674.499976851854,-6.112382699664264,-6.142667503568732,-6.001304841688344,-5.767003889607846,-5.844663962534939,-5.94692155651658,-6.0,0.16,2.27,2.13,2.22,2.06,2.02,2.07,2.15,0.11
56681.499976851854,-6.186419011431808,-6.112382699664264,-6.142667503568732,-6.001304841688344,-5.767003889607846,-5.844663962534939,-6.01,0.16,2.3,2.27,2.13,2.22,2.06,2.02,2.2,0.13
56695.499976851854,-6.048662481204082,-6.186419011431808,-6.112382699664264,-6.142667503568732,-6.001304841688344,-5.767003889607846,-6.08,0.17,2.38,2.3,2.27,2.13,2.22,2.06,2.21,0.12
56702.499976851854,-6.308034897232639,-6.048662481204082,-6.186419011431808,-6.112382699664264,-6.142667503568732,-6.001304841688344,-6.14,0.1,2.11,2.38,2.3,2.27,2.13,2.22,2.28,0.15
56709.499976851854,-6.149353764816934,-6.308034897232639,-6.048662481204082,-6.186419011431808,-6.112382699664264,-6.142667503568732,-6.18,0.1,2.54,2.11,2.38,2.3,2.27,2.13,2.29,0.15
56716.499976851854,-6.301029995663981,-6.149353764816934,-6.308034897232639,-6.048662481204082,-6.186419011431808,-6.112382699664264,-6.2,0.11,2.29,2.54,2.11,2.38,2.3,2.27,2.32,0.13
56723.499976851854,-6.317854923626168,-6.301029995663981,-6.149353764816934,-6.308034897232639,-6.048662481204082,-6.186419011431808,-6.25,0.13,2.33,2.29,2.54,2.11,2.38,2.3,2.33,0.13
56730.499976851854,-6.431798275933005,-6.317854923626168,-6.301029995663981,-6.149353764816934,-6.308034897232639,-6.048662481204082,-6.29,0.16,2.33,2.33,2.29,2.54,2.11,2.38,2.33,0.13
56737.499976851854,-6.505845405981558,-6.431798275933005,-6.317854923626168,-6.301029995663981,-6.149353764816934,-6.308034897232639,-6.34,0.11,2.35,2.33,2.33,2.29,2.54,2.11,2.31,0.13
56744.499976851854,-6.355561410532162,-6.505845405981558,-6.431798275933005,-6.317854923626168,-6.301029995663981,-6.149353764816934,-6.33,0.11,2.2,2.35,2.33,2.33,2.29,2.54,2.32,0.11
56751.499976851854,-6.279014255846261,-6.355561410532162,-6.505845405981558,-6.431798275933005,-6.317854923626168,-6.301029995663981,-6.37,0.08,2.23,2.2,2.35,2.33,2.33,2.29,2.27,0.07
56758.499976851854,-6.38933983691012,-6.279014255846261,-6.355561410532162,-6.505845405981558,-6.431798275933005,-6.317854923626168,-6.41,0.11,2.16,2.23,2.2,2.35,2.33,2.33,2.28,0.08
56765.499976851854,-6.598599459218456,-6.38933983691012,-6.279014255846261,-6.355561410532162,-6.505845405981558,-6.431798275933005,-6.45,0.11,2.38,2.16,2.23,2.2,2.35,2.33,2.26,0.09
56772.499976851854,-6.559090917934783,-6.598599459218456,-6.38933983691012,-6.279014255846261,-6.355561410532162,-6.505845405981558,-6.43,0.13,2.2,2.38,2.16,2.23,2.2,2.35,2.25,0.08
56779.499976851854,-6.306273051076353,-6.559090917934783,-6.598599459218456,-6.38933983691012,-6.279014255846261,-6.355561410532162,-6.39,0.13,2.26,2.2,2.38,2.16,2.23,2.2,2.23,0.07
56786.499976851854,-6.261219441515631,-6.306273051076353,-6.559090917934783,-6.598599459218456,-6.38933983691012,-6.279014255846261,-6.39,0.14,2.17,2.26,2.2,2.38,2.16,2.23,2.24,0.08
56793.499976851854,-6.337242168318426,-6.261219441515631,-6.306273051076353,-6.559090917934783,-6.598599459218456,-6.38933983691012,-6.42,0.13,2.28,2.17,2.26,2.2,2.38,2.16,2.24,0.08
56800.499976851854,-6.471083299722345,-6.337242168318426,-6.261219441515631,-6.306273051076353,-6.559090917934783,-6.598599459218456,-6.43,0.13,2.25,2.28,2.17,2.26,2.2,2.38,2.27,0.07
56807.499976851854,-6.496209316942819,-6.471083299722345,-6.337242168318426,-6.261219441515631,-6.306273051076353,-6.559090917934783,-6.41,0.11,2.33,2.25,2.28,2.17,2.26,2.2,2.26,0.06
56814.499976851854,-6.4723700991286615,-6.496209316942819,-6.471083299722345,-6.337242168318426,-6.261219441515631,-6.306273051076353,-6.39,0.09,2.31,2.33,2.25,2.28,2.17,2.26,2.23,0.12
56821.499976851854,-6.363512103646634,-6.4723700991286615,-6.496209316942819,-6.471083299722345,-6.337242168318426,-6.261219441515631,-6.43,0.12,1.98,2.31,2.33,2.25,2.28,2.17,2.23,0.12
56828.499976851854,-6.6252516539898965,-6.363512103646634,-6.4723700991286615,-6.496209316942819,-6.471083299722345,-6.337242168318426,-6.44,0.11,2.28,1.98,2.31,2.33,2.25,2.28,2.23,0.12
56835.499976851854,-6.318758762624412,-6.6252516539898965,-6.363512103646634,-6.4723700991286615,-6.496209316942819,-6.471083299722345,-6.45,0.1,2.19,2.28,1.98,2.31,2.33,2.25,2.26,0.15
56842.499976851854,-6.376750709602099,-6.318758762624412,-6.6252516539898965,-6.363512103646634,-6.4723700991286615,-6.496209316942819,-6.42,0.12,2.48,2.19,2.28,1.98,2.31,2.33,2.27,0.15
56849.499976851854,-6.27083521030723,-6.376750709602099,-6.318758762624412,-6.6252516539898965,-6.363512103646634,-6.4723700991286615,-6.39,0.12,2.3,2.48,2.19,2.28,1.98,2.31,2.22,0.18
56856.499976851854,-6.296708621881338,-6.27083521030723,-6.376750709602099,-6.318758762624412,-6.6252516539898965,-6.363512103646634,-6.4,0.14,2.0,2.3,2.48,2.19,2.28,1.98,2.18,0.18
56863.499976851854,-6.580044251510242,-6.296708621881338,-6.27083521030723,-6.376750709602099,-6.318758762624412,-6.6252516539898965,-6.41,0.14,2.06,2.0,2.3,2.48,2.19,2.28,2.2,0.17
56870.499976851854,-6.4179366370882915,-6.580044251510242,-6.296708621881338,-6.27083521030723,-6.376750709602099,-6.318758762624412,-6.41,0.14,2.06,2.06,2.0,2.3,2.48,2.19,2.18,0.17
56877.499976851854,-6.634512015109101,-6.4179366370882915,-6.580044251510242,-6.296708621881338,-6.27083521030723,-6.376750709602099,-6.44,0.14,2.19,2.06,2.06,2.0,2.3,2.48,2.2,0.18
56884.499976851854,-6.485452247339714,-6.634512015109101,-6.4179366370882915,-6.580044251510242,-6.296708621881338,-6.27083521030723,-6.43,0.14,2.33,2.19,2.06,2.06,2.0,2.3,2.11,0.18
56891.499976851854,-6.327902142064283,-6.485452247339714,-6.634512015109101,-6.4179366370882915,-6.580044251510242,-6.296708621881338,-6.48,0.13,1.83,2.33,2.19,2.06,2.06,2.0,2.05,0.17
56898.499976851854,-6.586700235918748,-6.327902142064283,-6.485452247339714,-6.634512015109101,-6.4179366370882915,-6.580044251510242,-6.47,0.14,1.9,1.83,2.33,2.19,2.06,2.06,2.09,0.19
56905.499976851854,-6.2839966563652006,-6.586700235918748,-6.327902142064283,-6.485452247339714,-6.634512015109101,-6.4179366370882915,-6.42,0.15,2.27,1.9,1.83,2.33,2.19,2.06,2.1,0.18
56912.499976851854,-6.224025668870631,-6.2839966563652006,-6.586700235918748,-6.327902142064283,-6.485452247339714,-6.634512015109101,-6.42,0.16,2.12,2.27,1.9,1.83,2.33,2.19,2.1,0.19
56919.499976851854,-6.384049948343599,-6.224025668870631,-6.2839966563652006,-6.586700235918748,-6.327902142064283,-6.485452247339714,-6.36,0.13,2.04,2.12,2.27,1.9,1.83,2.33,2.08,0.18
56926.499976851854,-6.2403321553103694,-6.384049948343599,-6.224025668870631,-6.2839966563652006,-6.586700235918748,-6.327902142064283,-6.34,0.12,2.04,2.04,2.12,2.27,1.9,1.83,2.05,0.15
56933.499976851854,-6.35261702988538,-6.2403321553103694,-6.384049948343599,-6.224025668870631,-6.2839966563652006,-6.586700235918748,-6.35,0.12,2.15,2.04,2.04,2.12,2.27,1.9,2.08,0.11
56940.499976851854,-6.396855627379818,-6.35261702988538,-6.2403321553103694,-6.384049948343599,-6.224025668870631,-6.2839966563652006,-6.35,0.11,2.07,2.15,2.04,2.04,2.12,2.27,2.13,0.1
56947.499976851854,-6.536107011014093,-6.396855627379818,-6.35261702988538,-6.2403321553103694,-6.384049948343599,-6.224025668870631,-6.39,0.14,2.25,2.07,2.15,2.04,2.04,2.12,2.13,0.09
56954.499976851854,-6.619788758288394,-6.536107011014093,-6.396855627379818,-6.35261702988538,-6.2403321553103694,-6.384049948343599,-6.41,0.13,2.24,2.25,2.07,2.15,2.04,2.04,2.21,0.23
56961.499976851854,-6.360513510731414,-6.619788758288394,-6.536107011014093,-6.396855627379818,-6.35261702988538,-6.2403321553103694,-6.42,0.13,2.69,2.24,2.25,2.07,2.15,2.04,2.29,0.26
56968.499976851854,-6.455931955649724,-6.360513510731414,-6.619788758288394,-6.536107011014093,-6.396855627379818,-6.35261702988538,-6.47,0.11,2.6,2.69,2.24,2.25,2.07,2.15,2.33,0.23
56975.499976851854,-6.568636235841013,-6.455931955649724,-6.360513510731414,-6.619788758288394,-6.536107011014093,-6.396855627379818,-6.52,0.12,2.29,2.6,2.69,2.24,2.25,2.07,2.33,0.23
56982.499976851854,-6.669586226650809,-6.568636235841013,-6.455931955649724,-6.360513510731414,-6.619788758288394,-6.536107011014093,-6.54,0.11,2.19,2.29,2.6,2.69,2.24,2.25,2.35,0.21
56989.499976851854,-6.5968794788241825,-6.669586226650809,-6.568636235841013,-6.455931955649724,-6.360513510731414,-6.619788758288394,-6.56,0.11,2.18,2.19,2.29,2.6,2.69,2.24,2.33,0.22
56996.499976851854,-6.649751981665837,-6.5968794788241825,-6.669586226650809,-6.568636235841013,-6.455931955649724,-6.360513510731414,-6.55,0.11,2.13,2.18,2.19,2.29,2.6,2.69,2.32,0.23
57003.499976851854,-6.580044251510242,-6.649751981665837,-6.5968794788241825,-6.669586226650809,-6.568636235841013,-6.455931955649724,-6.66,0.21,2.15,2.13,2.18,2.19,2.29,2.6,2.24,0.17
57010.499976851854,-7.123782159408358,-6.580044251510242,-6.649751981665837,-6.5968794788241825,-6.669586226650809,-6.568636235841013,-6.68,0.2,2.13,2.15,2.13,2.18,2.19,2.29,2.23,0.15
57017.499976851854,-6.59176003468815,-7.123782159408358,-6.580044251510242,-6.649751981665837,-6.5968794788241825,-6.669586226650809,-6.74,0.22,2.56,2.13,2.15,2.13,2.18,2.19,2.24,0.16
57024.499976851854,-6.995678626217358,-6.59176003468815,-7.123782159408358,-6.580044251510242,-6.649751981665837,-6.5968794788241825,-6.79,0.24,2.33,2.56,2.13,2.15,2.13,2.18,2.27,0.17
57031.499976851854,-6.995678626217358,-6.995678626217358,-6.59176003468815,-7.123782159408358,-6.580044251510242,-6.649751981665837,-6.85,0.23,2.44,2.33,2.56,2.13,2.15,2.13,2.27,0.17
57038.499976851854,-7.00788851221305,-6.995678626217358,-6.995678626217358,-6.59176003468815,-7.123782159408358,-6.580044251510242,-6.9,0.22,2.18,2.44,2.33,2.56,2.13,2.15,2.31,0.16
57045.499976851854,-7.036684488613889,-7.00788851221305,-6.995678626217358,-6.995678626217358,-6.59176003468815,-7.123782159408358,-6.94,0.18,2.36,2.18,2.44,2.33,2.56,2.13,2.34,0.15
57052.499976851854,-6.835647144215563,-7.036684488613889,-7.00788851221305,-6.995678626217358,-6.995678626217358,-6.59176003468815,-6.91,0.16,2.38,2.36,2.18,2.44,2.33,2.56,2.33,0.16
57059.499976851854,-6.896196279044043,-6.835647144215563,-7.036684488613889,-7.00788851221305,-6.995678626217358,-6.995678626217358,-6.92,0.12,2.09,2.38,2.36,2.18,2.44,2.33,2.28,0.13
57066.499976851854,-6.690369832574102,-6.896196279044043,-6.835647144215563,-7.036684488613889,-7.00788851221305,-6.995678626217358,-6.87,0.15,2.16,2.09,2.38,2.36,2.18,2.44,2.2,0.21
57073.499976851854,-6.6595558851598815,-6.690369832574102,-6.896196279044043,-6.835647144215563,-7.036684488613889,-7.00788851221305,-6.84,0.15,1.82,2.16,2.09,2.38,2.36,2.18,2.14,0.2
57080.499976851854,-6.747146969020107,-6.6595558851598815,-6.690369832574102,-6.896196279044043,-6.835647144215563,-7.036684488613889,-6.83,0.14,2.01,1.82,2.16,2.09,2.38,2.36,2.12,0.2
57087.499976851854,-6.943095148663527,-6.747146969020107,-6.6595558851598815,-6.690369832574102,-6.896196279044043,-6.835647144215563,-6.83,0.14,2.05,2.01,1.82,2.16,2.09,2.38,2.13,0.2
57094.499976851854,-7.057991946977687,-6.943095148663527,-6.747146969020107,-6.6595558851598815,-6.690369832574102,-6.896196279044043,-6.89,0.21,2.39,2.05,2.01,1.82,2.16,2.09,2.13,0.21
57108.499976851854,-7.251037138743839,-7.057991946977687,-6.943095148663527,-6.747146969020107,-6.6595558851598815,-6.690369832574102,-6.92,0.23,2.41,2.39,2.05,2.01,1.82,2.16,2.12,0.22
57115.499976851854,-7.095825631715837,-7.251037138743839,-7.057991946977687,-6.943095148663527,-6.747146969020107,-6.6595558851598815,-6.95,0.21,1.98,2.41,2.39,2.05,2.01,1.82,2.15,0.24
57122.499976851854,-6.886056647693163,-7.095825631715837,-7.251037138743839,-7.057991946977687,-6.943095148663527,-6.747146969020107,-7.0,0.16,2.41,1.98,2.41,2.39,2.05,2.01,2.37,0.48
57129.499976851854,-7.047691990337875,-6.886056647693163,-7.095825631715837,-7.251037138743839,-7.057991946977687,-6.943095148663527,-7.05,0.12,3.37,2.41,1.98,2.41,2.39,2.05,2.43,0.45
57157.499976851854,-7.041436116778033,-7.047691990337875,-6.886056647693163,-7.095825631715837,-7.251037138743839,-7.057991946977687,-7.04,0.13,2.43,3.37,2.41,1.98,2.41,2.39,2.58,0.47
57171.499976851854,-6.872895201635193,-7.041436116778033,-7.047691990337875,-6.886056647693163,-7.095825631715837,-7.251037138743839,-7.02,0.13,3.05,2.43,3.37,2.41,1.98,2.41,2.59,0.46
57178.499976851854,-6.97061622231479,-6.872895201635193,-7.041436116778033,-7.047691990337875,-6.886056647693163,-7.095825631715837,-7.03,0.14,2.48,3.05,2.43,3.37,2.41,1.98,2.53,0.51
57185.499976851854,-7.279840696594043,-6.97061622231479,-6.872895201635193,-7.041436116778033,-7.047691990337875,-6.886056647693163,-7.0,0.14,2.02,2.48,3.05,2.43,3.37,2.41,2.66,0.46
57192.499976851854,-6.920818753952375,-7.279840696594043,-6.97061622231479,-6.872895201635193,-7.041436116778033,-7.047691990337875,-7.01,0.14,2.83,2.02,2.48,3.05,2.43,3.37,2.64,0.47
57206.49996527778,-6.906578314837765,-6.920818753952375,-7.279840696594043,-6.97061622231479,-6.872895201635193,-7.041436116778033,-7.01,0.14,2.31,2.83,2.02,2.48,3.05,2.43,2.59,0.39
57213.49996527778,-7.071092309756048,-6.906578314837765,-6.920818753952375,-7.279840696594043,-6.97061622231479,-6.872895201635193,-7.02,0.15,3.03,2.31,2.83,2.02,2.48,3.05,2.66,0.39
57220.49996527778,-7.121478204498794,-7.071092309756048,-6.906578314837765,-6.920818753952375,-7.279840696594043,-6.97061622231479,-7.08,0.16,2.88,3.03,2.31,2.83,2.02,2.48,2.55,0.37
57248.49996527778,-7.304518323509803,-7.121478204498794,-7.071092309756048,-6.906578314837765,-6.920818753952375,-7.279840696594043,-7.09,0.16,2.29,2.88,3.03,2.31,2.83,2.02,2.68,0.48
57283.49996527778,-6.995678626217358,-7.304518323509803,-7.121478204498794,-7.071092309756048,-6.906578314837765,-6.920818753952375,-7.06,0.14,3.37,2.29,2.88,3.03,2.31,2.83,2.8,0.39
57297.49996527778,-7.078833949362261,-6.995678626217358,-7.304518323509803,-7.121478204498794,-7.071092309756048,-6.906578314837765,-7.09,0.12,2.88,3.37,2.29,2.88,3.03,2.31,2.71,0.44
57304.49996527778,-7.1180450286604,-7.078833949362261,-6.995678626217358,-7.304518323509803,-7.121478204498794,-7.071092309756048,-7.12,0.09,2.24,2.88,3.37,2.29,2.88,3.03,2.69,0.47
57318.49996527778,-7.119186407719209,-7.1180450286604,-7.078833949362261,-6.995678626217358,-7.304518323509803,-7.121478204498794,-7.12,0.09,2.11,2.24,2.88,3.37,2.29,2.88,2.55,0.49
57325.49996527778,-7.070070439915412,-7.119186407719209,-7.1180450286604,-7.078833949362261,-6.995678626217358,-7.304518323509803,-7.14,0.12,2.1,2.11,2.24,2.88,3.37,2.29,2.5,0.47
57339.49996527778,-7.303643611266668,-7.070070439915412,-7.119186407719209,-7.1180450286604,-7.078833949362261,-6.995678626217358,-7.09,0.11,2.52,2.1,2.11,2.24,2.88,3.37,2.71,0.65
57430.49996527778,-6.966576244513051,-7.303643611266668,-7.070070439915412,-7.119186407719209,-7.1180450286604,-7.078833949362261,-7.13,0.11,3.75,2.52,2.1,2.11,2.24,2.88,2.53,0.61
57444.49996527778,-7.230622673923862,-6.966576244513051,-7.303643611266668,-7.070070439915412,-7.119186407719209,-7.1180450286604,-7.12,0.11,2.12,3.75,2.52,2.1,2.11,2.24,2.46,0.59
57451.49996527778,-7.045275209020937,-7.230622673923862,-6.966576244513051,-7.303643611266668,-7.070070439915412,-7.119186407719209,-7.11,0.12,2.39,2.12,3.75,2.52,2.1,2.11,2.5,0.58
57458.49996527778,-7.021819483062586,-7.045275209020937,-7.230622673923862,-6.966576244513051,-7.303643611266668,-7.070070439915412,-7.1,0.12,2.53,2.39,2.12,3.75,2.52,2.1,2.59,0.56
57472.49996527778,-7.06198090252379,-7.021819483062586,-7.045275209020937,-7.230622673923862,-6.966576244513051,-7.303643611266668,-7.11,0.12,2.71,2.53,2.39,2.12,3.75,2.52,2.75,0.55
57486.49996527778,-7.114638779968488,-7.06198090252379,-7.021819483062586,-7.045275209020937,-7.230622673923862,-6.966576244513051,-7.1,0.1,3.21,2.71,2.53,2.39,2.12,3.75,2.75,0.55
57591.49996527778,-7.235823867609669,-7.114638779968488,-7.06198090252379,-7.021819483062586,-7.045275209020937,-7.230622673923862,-7.11,0.09,2.57,3.21,2.71,2.53,2.39,2.12,2.59,0.33
57605.49996527778,-7.076755981369724,-7.235823867609669,-7.114638779968488,-7.06198090252379,-7.021819483062586,-7.045275209020937,-7.12,0.09,2.63,2.57,3.21,2.71,2.53,2.39,2.69,0.26
57738.49996527778,-7.249491605148654,-7.076755981369724,-7.235823867609669,-7.114638779968488,-7.06198090252379,-7.021819483062586,-7.14,0.1,2.81,2.63,2.57,3.21,2.71,2.53,2.74,0.23
57878.4999537037,-7.243363891754152,-7.249491605148654,-7.076755981369724,-7.235823867609669,-7.114638779968488,-7.06198090252379,-7.18,0.09,2.71,2.81,2.63,2.57,3.21,2.71,2.89,0.37
58270.4999537037,-7.294136287716081,-7.243363891754152,-7.249491605148654,-7.076755981369724,-7.235823867609669,-7.114638779968488,-7.21,0.08,3.57,2.71,2.81,2.63,2.57,3.21,2.93,0.36
58284.4999537037,-7.252588192113577,-7.294136287716081,-7.243363891754152,-7.249491605148654,-7.076755981369724,-7.235823867609669,-7.24,0.08,2.98,3.57,2.71,2.81,2.63,2.57,2.87,0.34
58291.4999537037,-7.314258261397736,-7.252588192113577,-7.294136287716081,-7.243363891754152,-7.249491605148654,-7.076755981369724,-7.15,0.24,2.81,2.98,3.57,2.71,2.81,2.63,2.91,0.31
58305.4999537037,-6.623423042943488,-7.314258261397736,-7.252588192113577,-7.294136287716081,-7.243363891754152,-7.249491605148654,-7.18,0.25,2.87,2.81,2.98,3.57,2.71,2.81,2.89,0.33
58333.4999537037,-7.304518323509803,-6.623423042943488,-7.314258261397736,-7.252588192113577,-7.294136287716081,-7.243363891754152,-7.15,0.25,2.5,2.87,2.81,2.98,3.57,2.71,2.88,0.34
58403.4999537037,-7.0195421077238995,-7.304518323509803,-6.623423042943488,-7.314258261397736,-7.252588192113577,-7.294136287716081,-7.15,0.26,2.73,2.5,2.87,2.81,2.98,3.57,2.86,0.35
58522.4999537037,-7.275724130399211,-7.0195421077238995,-7.304518323509803,-6.623423042943488,-7.314258261397736,-7.252588192113577,-7.13,0.25,2.57,2.73,2.5,2.87,2.81,2.98,2.72,0.17
58543.4999537037,-7.133712660915805,-7.275724130399211,-7.0195421077238995,-7.304518323509803,-6.623423042943488,-7.314258261397736,-7.1,0.24,2.6,2.57,2.73,2.5,2.87,2.81,2.71,0.16
58550.4999537037,-7.040958607678906,-7.133712660915805,-7.275724130399211,-7.0195421077238995,-7.304518323509803,-6.623423042943488,-7.07,0.23,2.9,2.6,2.57,2.73,2.5,2.87,2.69,0.15
58592.4999537037,-7.11690664142431,-7.040958607678906,-7.133712660915805,-7.275724130399211,-7.0195421077238995,-7.304518323509803,-7.14,0.11,2.63,2.9,2.6,2.57,2.73,2.5,2.65,0.13
58690.4999537037,-7.09366495819491,-7.11690664142431,-7.040958607678906,-7.133712660915805,-7.275724130399211,-7.0195421077238995,-7.12,0.09,2.64,2.63,2.9,2.6,2.57,2.73,2.57,0.32
58704.4999537037,-7.186419011431808,-7.09366495819491,-7.11690664142431,-7.040958607678906,-7.133712660915805,-7.275724130399211,-7.13,0.08,1.89,2.64,2.63,2.9,2.6,2.57,2.58,0.33
58844.4999537037,-7.089375595110798,-7.186419011431808,-7.09366495819491,-7.11690664142431,-7.040958607678906,-7.133712660915805,-7.13,0.07,2.83,1.89,2.64,2.63,2.9,2.6,2.88,0.85
58851.4999537037,-7.258848401148215,-7.089375595110798,-7.186419011431808,-7.09366495819491,-7.11690664142431,-7.040958607678906,-7.12,0.08,4.66,2.83,1.89,2.64,2.63,2.9,3.22,1.15
58858.4999537037,-7.0301183562535,-7.258848401148215,-7.089375595110798,-7.186419011431808,-7.09366495819491,-7.11690664142431,-7.1,0.1,5.0,4.66,2.83,1.89,2.64,2.63,3.3,1.14
58893.4999537037,-6.954677021213342,-7.0301183562535,-7.258848401148215,-7.089375595110798,-7.186419011431808,-7.09366495819491,-7.08,0.12,3.43,5.0,4.66,2.83,1.89,2.64,3.43,1.11
59138.4999537037,-6.931814138253839,-6.954677021213342,-7.0301183562535,-7.258848401148215,-7.089375595110798,-7.186419011431808,-7.08,0.12,3.58,3.43,5.0,4.66,2.83,1.89,3.77,1.18
59201.4999537037,-7.141462802430361,-6.931814138253839,-6.954677021213342,-7.0301183562535,-7.258848401148215,-7.089375595110798,-7.1,0.15,5.0,3.58,3.43,5.0,4.66,2.83,3.79,1.15
59229.4999537037,-7.313363730737707,-7.141462802430361,-6.931814138253839,-6.954677021213342,-7.0301183562535,-7.258848401148215,-7.12,0.15,2.0,5.0,3.58,3.43,5.0,4.66,3.76,1.18
59243.4999537037,-7.198596289982645,-7.313363730737707,-7.141462802430361,-6.931814138253839,-6.954677021213342,-7.0301183562535,-7.12,0.15,2.64,2.0,5.0,3.58,3.43,5.0,3.46,1.18
59264.4999537037,-7.236572006437063,-7.198596289982645,-7.313363730737707,-7.141462802430361,-6.931814138253839,-6.954677021213342,-7.1,0.16,2.54,2.64,2.0,5.0,3.58,3.43,3.28,0.99
59271.4999537037,-6.939302159646388,-7.236572006437063,-7.198596289982645,-7.313363730737707,-7.141462802430361,-6.931814138253839,-7.16,0.16,3.79,2.54,2.64,2.0,5.0,3.58,3.11,1.07
59292.4999537037,-7.3260580013659125,-6.939302159646388,-7.236572006437063,-7.198596289982645,-7.313363730737707,-7.141462802430361,-7.2,0.13,2.19,3.79,2.54,2.64,2.0,5.0,2.94,1.08
59341.4999537037,-7.274905478918531,-7.3260580013659125,-6.939302159646388,-7.236572006437063,-7.198596289982645,-7.313363730737707,-7.19,0.15,2.4,2.19,3.79,2.54,2.64,2.0,2.5,0.62
59348.4999537037,-7.008773924307505,-7.274905478918531,-7.3260580013659125,-6.939302159646388,-7.236572006437063,-7.198596289982645,-7.12,0.19,1.96,2.4,2.19,3.79,2.54,2.64,2.56,0.59
59383.4999537037,-6.841637507904751,-7.008773924307505,-7.274905478918531,-7.3260580013659125,-6.939302159646388,-7.236572006437063,-7.07,0.2,2.4,1.96,2.4,2.19,3.79,2.54,2.56,0.59
59425.4999537037,-6.896196279044043,-6.841637507904751,-7.008773924307505,-7.274905478918531,-7.3260580013659125,-6.939302159646388,-7.08,0.21,2.64,2.4,1.96,2.4,2.19,3.79,2.58,0.59
59453.4999537037,-7.29929628285498,-6.896196279044043,-6.841637507904751,-7.008773924307505,-7.274905478918531,-7.3260580013659125,-7.13,0.2,2.67,2.64,2.4,1.96,2.4,2.19,2.32,0.29
59488.4999537037,-7.231361898752385,-7.29929628285498,-6.896196279044043,-6.841637507904751,-7.008773924307505,-7.274905478918531,-7.1,0.19,1.95,2.67,2.64,2.4,1.96,2.4,2.36,0.3
59502.4999537037,-7.179798540514359,-7.231361898752385,-7.29929628285498,-6.896196279044043,-6.841637507904751,-7.008773924307505,-7.1,0.18,2.52,1.95,2.67,2.64,2.4,1.96,2.34,0.3
59509.4999537037,-7.249491605148654,-7.179798540514359,-7.231361898752385,-7.29929628285498,-6.896196279044043,-6.841637507904751,-7.14,0.19,2.27,2.52,1.95,2.67,2.64,2.4,2.36,0.27
59551.4999537037,-7.3124710387853655,-7.249491605148654,-7.179798540514359,-7.231361898752385,-7.29929628285498,-6.896196279044043,-7.2,0.14,2.09,2.27,2.52,1.95,2.67,2.64,2.38,0.28
59572.4999537037,-7.198596289982645,-7.3124710387853655,-7.249491605148654,-7.179798540514359,-7.231361898752385,-7.29929628285498,-7.26,0.06,2.53,2.09,2.27,2.52,1.95,2.67,2.34,0.26
59579.4999537037,-7.318758762624412,-7.198596289982645,-7.3124710387853655,-7.249491605148654,-7.179798540514359,-7.231361898752385,-7.24,0.06,2.34,2.53,2.09,2.27,2.52,1.95,2.5,0.61
59607.4999537037,-7.1791420105603,-7.318758762624412,-7.198596289982645,-7.3124710387853655,-7.249491605148654,-7.179798540514359,-7.23,0.07,3.8,2.34,2.53,2.09,2.27,2.52,2.55,0.57
59614.4999537037,-7.148130399270234,-7.1791420105603,-7.318758762624412,-7.198596289982645,-7.3124710387853655,-7.249491605148654,-7.21,0.09,2.27,3.8,2.34,2.53,2.09,2.27,2.58,0.58
59621.4999537037,-7.06398920428479,-7.148130399270234,-7.1791420105603,-7.318758762624412,-7.198596289982645,-7.3124710387853655,-7.18,0.12,2.79,2.27,3.8,2.34,2.53,2.09,2.6,0.57
59838.4999537037,-7.004803708402821,-7.06398920428479,-7.148130399270234,-7.1791420105603,-7.318758762624412,-7.198596289982645,-6.87,0.77,2.41,2.79,2.27,3.8,2.34,2.53,3.02,1.02
59880.4999537037,-5.1438755557577,-7.004803708402821,-7.06398920428479,-7.148130399270234,-7.1791420105603,-7.318758762624412,-6.85,0.76,5.0,2.41,2.79,2.27,3.8,2.34,3.15,1.0
59978.4999537037,-7.081445469449727,-5.1438755557577,-7.004803708402821,-7.06398920428479,-7.148130399270234,-7.1791420105603,-6.82,0.74,3.43,5.0,2.41,2.79,2.27,3.8,3.37,0.96
60055.4999537037,-7.152427340857888,-7.081445469449727,-5.1438755557577,-7.004803708402821,-7.06398920428479,-7.148130399270234,-6.84,0.75,3.86,3.43,5.0,2.41,2.79,2.27,3.33,0.95
60076.4999537037,-7.291579099865287,-7.152427340857888,-7.081445469449727,-5.1438755557577,-7.004803708402821,-7.06398920428479,-6.86,0.77,3.58,3.86,3.43,5.0,2.41,2.79,3.34,0.95
60125.4999537037,-7.305394801066432,-7.291579099865287,-7.152427340857888,-7.081445469449727,-5.1438755557577,-7.004803708402821,-6.86,0.77,2.29,3.58,3.86,3.43,5.0,2.41,3.32,0.96
60230.4999537037,-7.035740369803151,-7.305394801066432,-7.291579099865287,-7.152427340857888,-7.081445469449727,-5.1438755557577,-6.9,0.78,2.66,2.29,3.58,3.86,3.43,5.0,3.42,0.88
60342.4999537037,-7.258848401148215,-7.035740369803151,-7.305394801066432,-7.291579099865287,-7.152427340857888,-7.081445469449727,-7.17,0.11,3.09,2.66,2.29,3.58,3.86,3.43,2.99,0.68
60349.4999537037,-7.088842391260023,-7.258848401148215,-7.035740369803151,-7.305394801066432,-7.291579099865287,-7.152427340857888,-7.15,0.15,2.04,3.09,2.66,2.29,3.58,3.86,2.89,0.66
60363.4999537037,-6.896196279044043,-7.088842391260023,-7.258848401148215,-7.035740369803151,-7.305394801066432,-7.291579099865287,-7.15,0.15,2.73,2.04,3.09,2.66,2.29,3.58,2.55,0.69
60398.4999537037,-7.195179321278838,-6.896196279044043,-7.088842391260023,-7.258848401148215,-7.035740369803151,-7.305394801066432,-7.15,0.15,1.49,2.73,2.04,3.09,2.66,2.29,2.42,0.53
60482.4999537037,-7.289882634888183,-7.195179321278838,-6.896196279044043,-7.088842391260023,-7.258848401148215,-7.035740369803151,-7.11,0.15,2.66,1.49,2.73,2.04,3.09,2.66,2.54,0.59
60503.4999537037,-6.995678626217358,-7.289882634888183,-7.195179321278838,-6.896196279044043,-7.088842391260023,-7.258848401148215,-7.13,0.14,3.14,2.66,1.49,2.73,2.04,3.09,2.45,0.62
60538.4999537037,-7.162411561764489,-6.995678626217358,-7.289882634888183,-7.195179321278838,-6.896196279044043,-7.088842391260023,-7.06,0.18,2.03,3.14,2.66,1.49,2.73,2.04,2.44,0.6
60545.4999537037,-6.785156151952302,-7.162411561764489,-6.995678626217358,-7.289882634888183,-7.195179321278838,-6.896196279044043,-7.04,0.18,2.99,2.03,3.14,2.66,1.49,2.73,2.62,0.64
60580.4999537037,-6.931814138253839,-6.785156151952302,-7.162411561764489,-6.995678626217358,-7.289882634888183,-7.195179321278838,-7.06,0.17,3.27,2.99,2.03,3.14,2.66,1.49,2.76,0.77
60706.4999537037,-7.068542129310995,-6.931814138253839,-6.785156151952302,-7.162411561764489,-6.995678626217358,-7.289882634888183,-7.03,0.16,3.72,3.27,2.99,2.03,3.14,2.66,3.26,0.93
60790.4999537037,-6.962573502059376,-7.068542129310995,-6.931814138253839,-6.785156151952302,-7.162411561764489,-6.995678626217358,-7.03,0.17,5.0,3.72,3.27,2.99,2.03,3.14,3.31,0.9
